timestamp,temp_c,ph,turbidity
2026-10-01T00:00:00,24.13,7.31,9.83
2026-10-01T00:10:00,24.16,7.31,7.25
2026-10-01T00:20:00,23.86,7.33,6.87
2026-10-01T00:30:00,24.04,7.26,9.35
2026-10-01T00:40:00,23.8,7.31,9.06
2026-10-01T00:50:00,23.8,7.28,7.85
2026-10-01T01:00:00,23.97,7.32,8.31
2026-10-01T01:10:00,23.83,7.31,8.33
2026-10-01T01:20:00,23.79,7.3,8.11
2026-10-01T01:30:00,23.39,7.23,6.96
2026-10-01T01:40:00,23.9,7.27,6.01
2026-10-01T01:50:00,23.42,7.24,7.32
2026-10-01T02:00:00,23.8,7.27,9.45
2026-10-01T02:10:00,23.71,7.2,9.48
2026-10-01T02:20:00,23.62,7.21,7.79
2026-10-01T02:30:00,23.38,7.29,7.23
2026-10-01T02:40:00,23.53,7.26,8.22
2026-10-01T02:50:00,23.42,7.24,8.35
2026-10-01T03:00:00,23.5,7.22,8.48
2026-10-01T03:10:00,23.46,7.21,5.98
2026-10-01T03:20:00,23.2,7.25,10.53
2026-10-01T03:30:00,23.67,7.23,8.91
2026-10-01T03:40:00,23.52,7.29,7.84
2026-10-01T03:50:00,23.48,7.24,7.43
2026-10-01T04:00:00,23.49,7.25,8.79
2026-10-01T04:10:00,23.66,7.2,8.4
2026-10-01T04:20:00,23.51,7.23,8.07
2026-10-01T04:30:00,23.35,7.25,8.37
2026-10-01T04:40:00,23.8,7.23,7.91
2026-10-01T04:50:00,23.87,7.23,8.32
2026-10-01T05:00:00,23.83,7.26,8.58
2026-10-01T05:10:00,23.74,7.29,8.27
2026-10-01T05:20:00,23.98,7.26,8.23
2026-10-01T05:30:00,23.81,7.3,9.11
2026-10-01T05:40:00,23.95,7.28,6.72
2026-10-01T05:50:00,24.07,7.3,7.36
2026-10-01T06:00:00,24.38,7.24,8.02
2026-10-01T06:10:00,24.27,7.26,7.42
2026-10-01T06:20:00,24.33,7.26,7.68
2026-10-01T06:30:00,24.79,7.28,9.03
2026-10-01T06:40:00,24.64,7.3,7.88
2026-10-01T06:50:00,24.74,7.28,6.54
2026-10-01T07:00:00,24.72,7.31,7.66
2026-10-01T07:10:00,24.78,7.27,8.05
2026-10-01T07:20:00,24.64,7.33,8.03
2026-10-01T07:30:00,25.22,7.34,8.44
2026-10-01T07:40:00,25.25,7.33,8.38
2026-10-01T07:50:00,25.26,7.32,7.89
2026-10-01T08:00:00,25.38,7.34,7.05
2026-10-01T08:10:00,25.61,7.3,7.65
2026-10-01T08:20:00,25.38,7.33,7.5
2026-10-01T08:30:00,25.64,7.34,7.77
2026-10-01T08:40:00,25.65,7.3,8.55
2026-10-01T08:50:00,26.19,7.36,8.32
2026-10-01T09:00:00,26.16,7.32,8.66
2026-10-01T09:10:00,25.8,7.35,7.69
2026-10-01T09:20:00,26.01,7.37,9.21
2026-10-01T09:30:00,26.34,7.35,8.54
2026-10-01T09:40:00,26.39,7.39,8.09
2026-10-01T09:50:00,26.38,7.39,8.48
2026-10-01T10:00:00,26.96,7.37,7.46
2026-10-01T10:10:00,26.82,7.41,6.31
2026-10-01T10:20:00,26.95,7.38,7.51
2026-10-01T10:30:00,26.88,7.48,8.6
2026-10-01T10:40:00,27.2,7.41,8.06
2026-10-01T10:50:00,27.14,7.39,7.89
2026-10-01T11:00:00,27.25,7.4,7.32
2026-10-01T11:10:00,27.47,7.47,6.44
2026-10-01T11:20:00,27.23,7.43,9.14
2026-10-01T11:30:00,27.8,7.4,7.83
2026-10-01T11:40:00,27.66,7.47,7.66
2026-10-01T11:50:00,27.9,7.44,7.46
2026-10-01T12:00:00,27.61,7.48,9.0
2026-10-01T12:10:00,27.72,7.49,8.71
2026-10-01T12:20:00,27.75,7.48,7.23
2026-10-01T12:30:00,28.04,7.55,8.93
2026-10-01T12:40:00,28.07,7.43,7.88
2026-10-01T12:50:00,28.06,7.47,7.51
2026-10-01T13:00:00,-127.0,7.49,7.77
2026-10-01T13:10:00,28.05,7.57,7.37
2026-10-01T13:20:00,28.28,7.56,6.94
2026-10-01T13:30:00,28.26,7.55,8.62
2026-10-01T13:40:00,28.26,7.5,7.82
2026-10-01T13:50:00,28.63,7.5,8.49
2026-10-01T14:00:00,28.4,7.5,8.23
2026-10-01T14:10:00,28.64,7.51,8.44
2026-10-01T14:20:00,28.38,7.59,6.36
2026-10-01T14:30:00,28.51,7.53,7.31
2026-10-01T14:40:00,28.49,7.54,8.46
2026-10-01T14:50:00,28.25,7.57,6.98
2026-10-01T15:00:00,28.73,7.5,8.3
2026-10-01T15:10:00,28.49,7.55,6.89
2026-10-01T15:20:00,28.61,7.52,8.01
2026-10-01T15:30:00,28.38,7.54,9.29
2026-10-01T15:40:00,28.43,7.53,8.62
2026-10-01T15:50:00,28.29,7.53,6.52
2026-10-01T16:00:00,28.56,7.56,8.68
2026-10-01T16:10:00,28.39,7.56,9.46
2026-10-01T16:20:00,,,
2026-10-01T16:30:00,28.46,7.57,8.38
2026-10-01T16:40:00,28.39,7.53,6.91
2026-10-01T16:50:00,28.29,7.57,8.35
2026-10-01T17:00:00,27.91,7.54,9.28
2026-10-01T17:10:00,27.97,7.53,7.85
2026-10-01T17:20:00,27.85,7.51,8.83
2026-10-01T17:30:00,28.04,7.52,7.33
2026-10-01T17:40:00,27.88,7.59,8.3
2026-10-01T17:50:00,27.57,7.53,6.01
2026-10-01T18:00:00,27.69,7.49,7.24
2026-10-01T18:10:00,27.39,7.54,8.0
2026-10-01T18:20:00,27.53,7.49,7.71
2026-10-01T18:30:00,27.21,7.51,6.96
2026-10-01T18:40:00,27.44,7.49,7.6
2026-10-01T18:50:00,27.32,7.54,8.26
2026-10-01T19:00:00,27.45,7.48,7.93
2026-10-01T19:10:00,27.19,7.53,8.05
2026-10-01T19:20:00,26.91,7.45,8.59
2026-10-01T19:30:00,26.99,7.47,7.73
2026-10-01T19:40:00,26.58,7.52,9.09
2026-10-01T19:50:00,26.53,7.47,7.21
2026-10-01T20:00:00,26.61,7.54,9.54
2026-10-01T20:10:00,26.14,7.45,8.89
2026-10-01T20:20:00,26.35,7.47,7.72
2026-10-01T20:30:00,26.11,7.51,7.77
2026-10-01T20:40:00,26.18,7.4,8.17
2026-10-01T20:50:00,25.89,7.4,8.48
2026-10-01T21:00:00,26.03,7.42,8.88
2026-10-01T21:10:00,25.84,7.46,6.93
2026-10-01T21:20:00,25.94,7.38,8.35
2026-10-01T21:30:00,25.61,7.44,6.31
2026-10-01T21:40:00,25.38,7.43,7.86
2026-10-01T21:50:00,25.34,7.47,9.16
2026-10-01T22:00:00,25.07,7.43,6.87
2026-10-01T22:10:00,25.23,7.4,6.72
2026-10-01T22:20:00,25.14,7.42,8.18
2026-10-01T22:30:00,25.31,7.38,9.11
2026-10-01T22:40:00,24.75,7.35,8.26
2026-10-01T22:50:00,24.71,7.32,6.48
2026-10-01T23:00:00,24.59,7.33,6.65
2026-10-01T23:10:00,24.64,7.34,8.08
2026-10-01T23:20:00,24.58,7.34,7.06
2026-10-01T23:30:00,24.42,7.26,8.11
2026-10-01T23:40:00,24.49,7.32,8.16
2026-10-01T23:50:00,24.15,7.31,7.61
2026-10-02T00:00:00,24.3,7.32,9.45
2026-10-02T00:10:00,24.16,7.35,8.47
2026-10-02T00:20:00,24.0,7.3,8.97
2026-10-02T00:30:00,23.88,7.27,8.74
2026-10-02T00:40:00,24.24,7.23,7.88
2026-10-02T00:50:00,23.69,7.3,7.84
2026-10-02T01:00:00,23.8,7.25,7.76
2026-10-02T01:10:00,23.58,7.3,8.54
2026-10-02T01:20:00,23.9,7.31,7.48
2026-10-02T01:30:00,23.71,7.22,9.38
2026-10-02T01:40:00,23.44,7.28,7.4
2026-10-02T01:50:00,23.6,7.3,8.17
2026-10-02T02:00:00,23.53,7.3,7.82
2026-10-02T02:10:00,23.4,7.2,7.64
2026-10-02T02:20:00,23.57,7.24,9.74
2026-10-02T02:30:00,23.48,7.22,7.65
2026-10-02T02:40:00,23.43,7.28,7.76
2026-10-02T02:50:00,23.38,7.27,7.47
2026-10-02T03:00:00,23.47,7.18,8.03
2026-10-02T03:10:00,23.43,7.25,7.92
2026-10-02T03:20:00,23.42,7.28,7.1
2026-10-02T03:30:00,23.32,7.27,7.66
2026-10-02T03:40:00,23.7,7.26,8.49
2026-10-02T03:50:00,23.31,7.25,8.82
2026-10-02T04:00:00,23.56,7.23,8.02
2026-10-02T04:10:00,23.48,7.26,8.05
2026-10-02T04:20:00,23.82,7.26,7.71
2026-10-02T04:30:00,23.46,7.28,7.6
2026-10-02T04:40:00,23.53,7.29,7.26
2026-10-02T04:50:00,23.53,7.27,6.75
2026-10-02T05:00:00,23.76,7.31,7.44
2026-10-02T05:10:00,23.56,7.27,8.72
2026-10-02T05:20:00,,,
2026-10-02T05:30:00,23.59,7.29,7.72
2026-10-02T05:40:00,24.02,7.29,7.71
2026-10-02T05:50:00,23.98,7.29,9.0
2026-10-02T06:00:00,23.92,7.25,7.26
2026-10-02T06:10:00,24.39,7.34,8.22
2026-10-02T06:20:00,24.11,7.31,7.95
2026-10-02T06:30:00,24.52,7.29,8.05
2026-10-02T06:40:00,24.39,7.27,8.2
2026-10-02T06:50:00,24.84,7.34,8.05
2026-10-02T07:00:00,24.8,7.28,8.63
2026-10-02T07:10:00,24.62,7.38,7.98
2026-10-02T07:20:00,24.72,7.3,9.4
2026-10-02T07:30:00,25.07,7.37,8.04
2026-10-02T07:40:00,25.05,7.32,6.64
2026-10-02T07:50:00,25.17,7.37,8.51
2026-10-02T08:00:00,25.49,7.31,8.31
2026-10-02T08:10:00,25.3,7.34,8.03
2026-10-02T08:20:00,25.53,7.37,7.79
2026-10-02T08:30:00,25.76,7.36,6.31
2026-10-02T08:40:00,25.85,7.38,6.44
2026-10-02T08:50:00,25.81,7.34,9.32
2026-10-02T09:00:00,,,
2026-10-02T09:10:00,25.79,7.4,8.77
2026-10-02T09:20:00,26.0,7.34,6.72
2026-10-02T09:30:00,26.33,7.39,7.16
2026-10-02T09:40:00,26.37,7.37,8.54
2026-10-02T09:50:00,26.52,7.39,7.92
2026-10-02T10:00:00,26.75,7.39,8.43
2026-10-02T10:10:00,26.52,7.38,7.99
2026-10-02T10:20:00,26.75,7.4,7.83
2026-10-02T10:30:00,26.91,7.41,7.46
2026-10-02T10:40:00,26.86,7.41,7.04
2026-10-02T10:50:00,27.28,7.47,9.12
2026-10-02T11:00:00,27.31,7.47,9.25
2026-10-02T11:10:00,27.29,7.45,7.17
2026-10-02T11:20:00,27.61,7.42,7.12
2026-10-02T11:30:00,27.2,7.43,7.72
2026-10-02T11:40:00,27.5,7.52,8.27
2026-10-02T11:50:00,27.65,7.43,7.85
2026-10-02T12:00:00,27.54,7.47,8.4
2026-10-02T12:10:00,27.82,7.49,7.96
2026-10-02T12:20:00,27.67,7.47,7.91
2026-10-02T12:30:00,28.01,7.45,9.93
2026-10-02T12:40:00,28.12,7.47,7.58
2026-10-02T12:50:00,28.07,7.48,9.31
2026-10-02T13:00:00,27.81,7.48,9.16
2026-10-02T13:10:00,27.98,7.54,8.4
2026-10-02T13:20:00,28.26,7.51,6.46
2026-10-02T13:30:00,28.23,7.5,8.02
2026-10-02T13:40:00,27.88,7.53,7.59
2026-10-02T13:50:00,28.53,7.55,8.02
2026-10-02T14:00:00,28.38,7.52,7.15
2026-10-02T14:10:00,28.26,7.56,8.61
2026-10-02T14:20:00,28.54,7.5,8.79
2026-10-02T14:30:00,28.3,7.58,8.94
2026-10-02T14:40:00,28.32,7.54,7.69
2026-10-02T14:50:00,28.49,7.55,7.15
2026-10-02T15:00:00,28.7,7.53,8.28
2026-10-02T15:10:00,28.67,7.51,9.4
2026-10-02T15:20:00,28.45,7.5,8.06
2026-10-02T15:30:00,28.45,7.52,8.36
2026-10-02T15:40:00,28.47,7.56,7.81
2026-10-02T15:50:00,28.14,7.52,7.6
2026-10-02T16:00:00,28.39,7.5,8.53
2026-10-02T16:10:00,28.15,7.52,7.92
2026-10-02T16:20:00,28.26,7.53,8.32
2026-10-02T16:30:00,28.12,7.53,8.41
2026-10-02T16:40:00,28.21,7.54,8.28
2026-10-02T16:50:00,28.09,7.58,8.45
2026-10-02T17:00:00,27.55,7.58,7.32
2026-10-02T17:10:00,28.0,7.6,7.27
2026-10-02T17:20:00,28.03,7.5,7.97
2026-10-02T17:30:00,27.93,7.52,7.99
2026-10-02T17:40:00,27.77,7.56,7.58
2026-10-02T17:50:00,27.97,7.52,8.19
2026-10-02T18:00:00,27.71,7.56,8.73
2026-10-02T18:10:00,27.64,7.54,8.95
2026-10-02T18:20:00,27.65,7.58,9.13
2026-10-02T18:30:00,27.47,7.56,6.95
2026-10-02T18:40:00,27.19,7.56,7.07
2026-10-02T18:50:00,26.87,7.51,7.77
2026-10-02T19:00:00,27.07,7.52,8.06
2026-10-02T19:10:00,27.14,7.5,7.81
2026-10-02T19:20:00,26.88,7.47,7.56
2026-10-02T19:30:00,26.95,7.55,7.76
2026-10-02T19:40:00,26.75,7.52,8.39
2026-10-02T19:50:00,26.81,7.48,6.94
2026-10-02T20:00:00,26.48,7.53,9.87
2026-10-02T20:10:00,26.49,7.47,8.02
2026-10-02T20:20:00,26.39,7.43,8.84
2026-10-02T20:30:00,26.44,7.5,7.54
2026-10-02T20:40:00,25.85,7.43,8.46
2026-10-02T20:50:00,25.93,7.45,8.08
2026-10-02T21:00:00,26.01,7.45,8.69
2026-10-02T21:10:00,26.01,7.45,7.84
2026-10-02T21:20:00,25.7,7.45,9.24
2026-10-02T21:30:00,25.53,7.44,6.81
2026-10-02T21:40:00,25.6,7.43,8.76
2026-10-02T21:50:00,25.51,7.39,8.09
2026-10-02T22:00:00,25.22,7.42,7.19
2026-10-02T22:10:00,25.2,7.36,9.56
2026-10-02T22:20:00,25.24,7.44,9.48
2026-10-02T22:30:00,25.25,7.34,6.34
2026-10-02T22:40:00,24.98,7.37,8.14
2026-10-02T22:50:00,24.76,7.34,8.56
2026-10-02T23:00:00,24.66,7.35,8.35
2026-10-02T23:10:00,24.66,7.37,9.21
2026-10-02T23:20:00,24.46,7.34,9.05
2026-10-02T23:30:00,24.41,7.39,8.21
2026-10-02T23:40:00,24.14,7.35,9.82
2026-10-02T23:50:00,24.41,7.33,8.75
2026-10-03T00:00:00,23.97,7.33,7.72
2026-10-03T00:10:00,24.0,7.36,7.56
2026-10-03T00:20:00,24.0,7.35,8.99
2026-10-03T00:30:00,24.22,7.28,7.37
2026-10-03T00:40:00,23.81,7.28,7.67
2026-10-03T00:50:00,23.68,7.31,7.81
2026-10-03T01:00:00,23.64,7.31,8.28
2026-10-03T01:10:00,23.92,7.27,7.85
2026-10-03T01:20:00,23.21,7.31,6.95
2026-10-03T01:30:00,23.43,7.26,8.93
2026-10-03T01:40:00,23.93,7.33,7.68
2026-10-03T01:50:00,23.58,7.3,9.62
2026-10-03T02:00:00,23.31,7.24,8.24
2026-10-03T02:10:00,23.43,7.25,9.01
2026-10-03T02:20:00,23.44,7.25,8.5
2026-10-03T02:30:00,23.53,7.27,9.05
2026-10-03T02:40:00,23.67,7.26,8.46
2026-10-03T02:50:00,23.43,7.23,8.19
2026-10-03T03:00:00,23.29,7.22,8.87
2026-10-03T03:10:00,23.5,7.27,9.99
2026-10-03T03:20:00,23.29,7.26,7.78
2026-10-03T03:30:00,23.27,7.26,8.64
2026-10-03T03:40:00,23.19,7.27,8.0
2026-10-03T03:50:00,23.25,7.24,8.4
2026-10-03T04:00:00,23.39,7.26,8.03
2026-10-03T04:10:00,23.38,7.34,6.27
2026-10-03T04:20:00,,,
2026-10-03T04:30:00,23.46,7.25,8.8
2026-10-03T04:40:00,23.21,7.24,7.39
2026-10-03T04:50:00,23.57,7.17,8.74
2026-10-03T05:00:00,23.72,7.29,8.15
2026-10-03T05:10:00,23.74,7.28,7.85
2026-10-03T05:20:00,24.13,7.24,8.72
2026-10-03T05:30:00,23.87,7.22,8.54
2026-10-03T05:40:00,24.18,7.23,8.34
2026-10-03T05:50:00,24.12,7.28,8.81
2026-10-03T06:00:00,24.21,7.27,8.16
2026-10-03T06:10:00,24.18,7.3,6.68
2026-10-03T06:20:00,24.36,7.28,7.7
2026-10-03T06:30:00,24.34,7.31,6.56
2026-10-03T06:40:00,24.55,7.3,8.53
2026-10-03T06:50:00,24.58,7.31,8.72
2026-10-03T07:00:00,24.58,7.23,8.75
2026-10-03T07:10:00,24.97,7.26,8.39
2026-10-03T07:20:00,24.98,7.29,8.77
2026-10-03T07:30:00,24.94,7.33,6.74
2026-10-03T07:40:00,25.13,7.36,7.91
2026-10-03T07:50:00,25.19,7.31,6.87
2026-10-03T08:00:00,25.17,7.3,7.71
2026-10-03T08:10:00,25.42,7.27,9.29
2026-10-03T08:20:00,25.43,7.35,8.87
2026-10-03T08:30:00,25.5,7.31,8.53
2026-10-03T08:40:00,25.48,7.43,7.85
2026-10-03T08:50:00,25.78,7.32,7.21
2026-10-03T09:00:00,26.03,7.41,8.15
2026-10-03T09:10:00,25.95,7.37,8.89
2026-10-03T09:20:00,26.56,7.33,8.33
2026-10-03T09:30:00,26.4,7.38,6.73
2026-10-03T09:40:00,26.57,7.4,8.08
2026-10-03T09:50:00,26.61,7.37,6.47
2026-10-03T10:00:00,26.85,7.4,8.64
2026-10-03T10:10:00,26.58,7.4,7.45
2026-10-03T10:20:00,26.42,7.41,7.02
2026-10-03T10:30:00,26.85,7.39,8.65
2026-10-03T10:40:00,27.09,7.36,8.45
2026-10-03T10:50:00,27.14,7.4,8.19
2026-10-03T11:00:00,27.26,7.41,9.75
2026-10-03T11:10:00,27.51,7.36,8.51
2026-10-03T11:20:00,27.47,7.42,7.48
2026-10-03T11:30:00,,,
2026-10-03T11:40:00,27.43,7.39,7.77
2026-10-03T11:50:00,27.49,7.43,9.01
2026-10-03T12:00:00,27.98,7.43,8.22
2026-10-03T12:10:00,27.83,7.5,8.3
2026-10-03T12:20:00,27.8,7.46,6.85
2026-10-03T12:30:00,27.86,7.48,8.05
2026-10-03T12:40:00,27.92,7.46,7.95
2026-10-03T12:50:00,27.98,7.42,7.18
2026-10-03T13:00:00,27.95,7.5,7.82
2026-10-03T13:10:00,27.96,7.46,8.35
2026-10-03T13:20:00,28.2,7.47,8.0
2026-10-03T13:30:00,28.2,7.45,6.87
2026-10-03T13:40:00,28.49,7.49,7.78
2026-10-03T13:50:00,28.42,7.52,7.63
2026-10-03T14:00:00,28.45,7.52,8.15
2026-10-03T14:10:00,28.34,7.54,8.07
2026-10-03T14:20:00,28.46,7.56,7.67
2026-10-03T14:30:00,28.57,7.44,7.64
2026-10-03T14:40:00,28.63,7.47,8.05
2026-10-03T14:50:00,28.5,7.45,8.77
2026-10-03T15:00:00,,,
2026-10-03T15:10:00,28.52,7.49,9.14
2026-10-03T15:20:00,28.64,7.5,8.91
2026-10-03T15:30:00,28.44,7.51,9.2
2026-10-03T15:40:00,28.21,7.53,9.09
2026-10-03T15:50:00,28.49,7.48,9.25
2026-10-03T16:00:00,28.52,7.49,7.08
2026-10-03T16:10:00,28.46,7.52,8.52
2026-10-03T16:20:00,28.4,7.56,8.97
2026-10-03T16:30:00,28.25,7.52,9.12
2026-10-03T16:40:00,28.14,7.5,7.38
2026-10-03T16:50:00,28.29,7.46,8.53
2026-10-03T17:00:00,28.19,7.55,8.06
2026-10-03T17:10:00,27.99,7.5,9.48
2026-10-03T17:20:00,28.17,7.49,6.89
2026-10-03T17:30:00,27.81,7.48,7.38
2026-10-03T17:40:00,27.8,7.48,6.55
2026-10-03T17:50:00,28.06,7.5,8.12
2026-10-03T18:00:00,27.88,7.52,9.81
2026-10-03T18:10:00,27.62,7.49,7.96
2026-10-03T18:20:00,27.64,7.52,8.08
2026-10-03T18:30:00,27.52,7.5,8.44
2026-10-03T18:40:00,27.0,7.58,7.91
2026-10-03T18:50:00,27.19,7.46,8.29
2026-10-03T19:00:00,27.23,7.51,8.31
2026-10-03T19:10:00,27.08,7.5,7.32
2026-10-03T19:20:00,27.08,7.46,7.92
2026-10-03T19:30:00,27.11,7.49,8.59
2026-10-03T19:40:00,26.79,7.5,8.74
2026-10-03T19:50:00,26.59,7.49,9.04
2026-10-03T20:00:00,26.67,7.52,8.27
2026-10-03T20:10:00,26.45,7.41,8.28
2026-10-03T20:20:00,26.36,7.44,8.6
2026-10-03T20:30:00,26.2,7.5,7.52
2026-10-03T20:40:00,26.47,7.48,7.49
2026-10-03T20:50:00,25.7,7.46,7.9
2026-10-03T21:00:00,25.86,7.48,6.98
2026-10-03T21:10:00,25.81,7.37,8.33
2026-10-03T21:20:00,25.6,7.45,8.84
2026-10-03T21:30:00,25.75,7.45,7.43
2026-10-03T21:40:00,25.63,7.39,8.35
2026-10-03T21:50:00,25.41,7.49,7.5
2026-10-03T22:00:00,25.27,7.41,7.19
2026-10-03T22:10:00,-127.0,7.34,9.64
2026-10-03T22:20:00,25.08,7.41,7.2
2026-10-03T22:30:00,24.96,7.37,6.98
2026-10-03T22:40:00,24.84,7.42,8.17
2026-10-03T22:50:00,24.8,7.4,8.21
2026-10-03T23:00:00,24.79,7.36,8.53
2026-10-03T23:10:00,24.42,7.42,9.6
2026-10-03T23:20:00,24.34,7.39,7.38
2026-10-03T23:30:00,24.15,7.33,7.54
2026-10-03T23:40:00,24.45,7.35,9.29
2026-10-03T23:50:00,24.28,7.36,8.75
2026-10-04T00:00:00,24.23,7.32,8.64
2026-10-04T00:10:00,23.85,7.32,7.53
2026-10-04T00:20:00,24.27,7.33,8.9
2026-10-04T00:30:00,23.84,7.29,8.64
2026-10-04T00:40:00,23.88,7.24,8.15
2026-10-04T00:50:00,23.92,7.31,7.53
2026-10-04T01:00:00,23.58,7.24,8.09
2026-10-04T01:10:00,23.59,7.26,9.32
2026-10-04T01:20:00,23.65,7.23,7.12
2026-10-04T01:30:00,,,
2026-10-04T01:40:00,23.59,7.29,7.5
2026-10-04T01:50:00,23.77,7.27,7.67
2026-10-04T02:00:00,,,
2026-10-04T02:10:00,23.51,7.23,8.77
2026-10-04T02:20:00,23.29,7.25,8.37
2026-10-04T02:30:00,23.58,7.27,8.05
2026-10-04T02:40:00,23.2,7.25,8.22
2026-10-04T02:50:00,23.66,7.27,8.5
2026-10-04T03:00:00,23.44,7.27,6.65
2026-10-04T03:10:00,23.02,7.23,8.86
2026-10-04T03:20:00,23.4,7.19,7.34
2026-10-04T03:30:00,23.58,7.21,7.65
2026-10-04T03:40:00,23.46,7.23,8.27
2026-10-04T03:50:00,23.63,7.21,7.94
2026-10-04T04:00:00,23.43,7.2,8.39
2026-10-04T04:10:00,23.38,7.23,8.11
2026-10-04T04:20:00,23.61,7.3,7.77
2026-10-04T04:30:00,23.66,7.22,9.22
2026-10-04T04:40:00,23.65,7.24,8.57
2026-10-04T04:50:00,23.93,7.2,8.24
2026-10-04T05:00:00,23.65,7.28,8.55
2026-10-04T05:10:00,23.86,7.27,7.44
2026-10-04T05:20:00,23.88,7.27,9.74
2026-10-04T05:30:00,23.69,7.29,7.13
2026-10-04T05:40:00,23.79,7.24,8.09
2026-10-04T05:50:00,24.08,7.24,7.77
2026-10-04T06:00:00,24.47,7.3,7.74
2026-10-04T06:10:00,24.32,7.27,7.64
2026-10-04T06:20:00,24.06,7.19,7.38
2026-10-04T06:30:00,23.94,7.28,8.95
2026-10-04T06:40:00,24.6,7.25,7.04
2026-10-04T06:50:00,24.57,7.3,8.79
2026-10-04T07:00:00,24.85,7.29,8.52
2026-10-04T07:10:00,24.64,7.23,7.7
2026-10-04T07:20:00,24.93,7.29,8.43
2026-10-04T07:30:00,25.1,7.29,7.87
2026-10-04T07:40:00,25.0,7.3,7.12
2026-10-04T07:50:00,25.14,7.31,7.13
2026-10-04T08:00:00,25.31,7.34,8.52
2026-10-04T08:10:00,25.51,7.31,8.48
2026-10-04T08:20:00,25.53,7.3,8.19
2026-10-04T08:30:00,25.8,7.34,7.69
2026-10-04T08:40:00,25.69,7.38,7.85
2026-10-04T08:50:00,25.67,7.34,7.74
2026-10-04T09:00:00,26.26,7.33,6.6
2026-10-04T09:10:00,25.99,7.34,8.05
2026-10-04T09:20:00,26.09,7.34,8.42
2026-10-04T09:30:00,26.28,7.35,8.05
2026-10-04T09:40:00,26.42,7.42,9.42
2026-10-04T09:50:00,26.47,7.33,7.2
2026-10-04T10:00:00,26.62,7.4,7.47
2026-10-04T10:10:00,26.73,7.37,8.11
2026-10-04T10:20:00,26.86,7.33,8.2
2026-10-04T10:30:00,26.59,7.37,6.48
2026-10-04T10:40:00,27.31,7.37,8.48
2026-10-04T10:50:00,27.1,7.41,8.2
2026-10-04T11:00:00,27.29,7.4,6.3
2026-10-04T11:10:00,27.07,7.36,7.91
2026-10-04T11:20:00,27.31,7.45,7.35
2026-10-04T11:30:00,27.38,7.44,7.64
2026-10-04T11:40:00,27.78,7.46,6.93
2026-10-04T11:50:00,27.54,7.43,8.33
2026-10-04T12:00:00,27.79,7.43,9.41
2026-10-04T12:10:00,27.65,7.46,8.21
2026-10-04T12:20:00,27.77,7.42,6.27
2026-10-04T12:30:00,27.87,7.45,8.23
2026-10-04T12:40:00,28.16,7.44,7.84
2026-10-04T12:50:00,27.75,7.41,7.12
2026-10-04T13:00:00,27.88,7.46,8.28
2026-10-04T13:10:00,27.83,7.45,8.7
2026-10-04T13:20:00,28.01,7.46,7.47
2026-10-04T13:30:00,28.1,7.48,6.69
2026-10-04T13:40:00,28.02,7.51,6.39
2026-10-04T13:50:00,28.19,7.45,7.47
2026-10-04T14:00:00,28.04,7.47,7.88
2026-10-04T14:10:00,28.21,7.47,7.59
2026-10-04T14:20:00,28.57,7.47,7.45
2026-10-04T14:30:00,28.48,7.48,8.45
2026-10-04T14:40:00,28.45,7.49,8.37
2026-10-04T14:50:00,28.27,7.52,8.16
2026-10-04T15:00:00,28.21,7.52,8.65
2026-10-04T15:10:00,28.26,7.48,7.47
2026-10-04T15:20:00,28.44,7.55,7.12
2026-10-04T15:30:00,28.56,7.55,7.58
2026-10-04T15:40:00,28.56,7.49,7.53
2026-10-04T15:50:00,28.5,7.55,6.36
2026-10-04T16:00:00,28.27,7.53,7.56
2026-10-04T16:10:00,28.37,7.52,8.88
2026-10-04T16:20:00,28.28,7.53,8.64
2026-10-04T16:30:00,28.25,7.52,8.42
2026-10-04T16:40:00,28.54,7.53,8.11
2026-10-04T16:50:00,27.92,7.52,9.16
2026-10-04T17:00:00,28.08,7.51,7.15
2026-10-04T17:10:00,28.25,7.46,7.23
2026-10-04T17:20:00,27.78,7.53,8.9
2026-10-04T17:30:00,27.85,7.51,8.02
2026-10-04T17:40:00,27.78,7.54,7.46
2026-10-04T17:50:00,27.74,7.53,8.44
2026-10-04T18:00:00,27.45,7.5,7.65
2026-10-04T18:10:00,27.69,7.53,7.33
2026-10-04T18:20:00,27.62,7.51,7.31
2026-10-04T18:30:00,27.51,7.51,8.26
2026-10-04T18:40:00,27.21,7.49,8.16
2026-10-04T18:50:00,-127.0,7.54,9.21
2026-10-04T19:00:00,27.02,7.46,7.77
2026-10-04T19:10:00,27.0,7.47,7.75
2026-10-04T19:20:00,27.28,7.44,9.15
2026-10-04T19:30:00,26.88,7.49,8.79
2026-10-04T19:40:00,,,
2026-10-04T19:50:00,26.7,7.44,6.75
2026-10-04T20:00:00,26.37,7.43,7.35
2026-10-04T20:10:00,26.3,7.44,7.16
2026-10-04T20:20:00,26.22,7.39,8.03
2026-10-04T20:30:00,26.2,7.35,7.59
2026-10-04T20:40:00,26.29,7.42,9.28
2026-10-04T20:50:00,26.12,7.34,6.74
2026-10-04T21:00:00,25.99,7.43,7.07
2026-10-04T21:10:00,25.63,7.44,8.2
2026-10-04T21:20:00,25.6,7.39,8.42
2026-10-04T21:30:00,25.62,7.42,5.93
2026-10-04T21:40:00,25.38,7.37,6.61
2026-10-04T21:50:00,25.31,7.42,7.79
2026-10-04T22:00:00,25.32,7.35,9.08
2026-10-04T22:10:00,,,
2026-10-04T22:20:00,25.09,7.35,7.67
2026-10-04T22:30:00,25.19,7.4,7.86
2026-10-04T22:40:00,24.83,7.35,7.33
2026-10-04T22:50:00,24.93,7.31,8.51
2026-10-04T23:00:00,24.73,7.33,9.22
2026-10-04T23:10:00,24.33,7.34,9.0
2026-10-04T23:20:00,24.3,7.3,7.98
2026-10-04T23:30:00,24.24,7.38,7.33
2026-10-04T23:40:00,24.16,7.28,8.01
2026-10-04T23:50:00,24.17,7.32,9.1
2026-10-05T00:00:00,24.22,7.3,7.68
2026-10-05T00:10:00,24.25,7.26,6.55
2026-10-05T00:20:00,24.03,7.26,7.71
2026-10-05T00:30:00,23.85,7.3,7.78
2026-10-05T00:40:00,23.52,7.27,6.54
2026-10-05T00:50:00,23.77,7.27,8.19
2026-10-05T01:00:00,23.7,7.2,8.4
2026-10-05T01:10:00,23.66,7.27,9.49
2026-10-05T01:20:00,23.91,7.25,6.93
2026-10-05T01:30:00,23.76,7.23,8.58
2026-10-05T01:40:00,23.64,7.24,8.77
2026-10-05T01:50:00,23.33,7.21,8.42
2026-10-05T02:00:00,23.37,7.2,7.19
2026-10-05T02:10:00,23.43,7.2,7.15
2026-10-05T02:20:00,23.29,7.19,8.08
2026-10-05T02:30:00,23.47,7.27,8.07
2026-10-05T02:40:00,23.45,7.24,7.55
2026-10-05T02:50:00,23.21,7.17,9.03
2026-10-05T03:00:00,23.54,7.26,7.68
2026-10-05T03:10:00,23.37,7.19,6.49
2026-10-05T03:20:00,23.1,7.2,7.82
2026-10-05T03:30:00,23.37,7.23,8.38
2026-10-05T03:40:00,23.44,7.14,8.27
2026-10-05T03:50:00,23.55,7.19,8.27
2026-10-05T04:00:00,23.38,7.18,9.2
2026-10-05T04:10:00,23.58,7.21,7.11
2026-10-05T04:20:00,23.53,7.2,7.66
2026-10-05T04:30:00,23.34,7.19,9.24
2026-10-05T04:40:00,23.36,7.19,6.43
2026-10-05T04:50:00,23.8,7.23,7.96
2026-10-05T05:00:00,23.87,7.21,8.98
2026-10-05T05:10:00,23.8,7.2,8.97
2026-10-05T05:20:00,24.02,7.21,8.53
2026-10-05T05:30:00,24.02,7.27,8.55
2026-10-05T05:40:00,24.03,7.23,7.17
2026-10-05T05:50:00,23.86,7.21,9.1
2026-10-05T06:00:00,24.32,7.17,7.04
2026-10-05T06:10:00,24.22,7.19,7.09
2026-10-05T06:20:00,24.16,7.22,8.31
2026-10-05T06:30:00,24.19,7.23,7.61
2026-10-05T06:40:00,24.42,7.22,8.17
2026-10-05T06:50:00,24.23,7.26,8.34
2026-10-05T07:00:00,24.67,7.23,9.42
2026-10-05T07:10:00,24.53,7.22,8.35
2026-10-05T07:20:00,24.82,7.27,7.51
2026-10-05T07:30:00,24.79,7.3,8.54
2026-10-05T07:40:00,24.93,7.24,7.33
2026-10-05T07:50:00,24.95,7.28,8.73
2026-10-05T08:00:00,25.15,7.23,8.05
2026-10-05T08:10:00,25.56,7.24,8.32
2026-10-05T08:20:00,25.59,7.27,6.58
2026-10-05T08:30:00,25.56,7.33,6.2
2026-10-05T08:40:00,25.6,7.27,6.8
2026-10-05T08:50:00,25.81,7.28,9.4
2026-10-05T09:00:00,23.98,7.35,27.08
2026-10-05T09:10:00,23.98,7.35,26.99
2026-10-05T09:20:00,24.35,7.34,24.42
2026-10-05T09:30:00,24.31,7.39,23.38
2026-10-05T09:40:00,24.98,7.35,22.29
2026-10-05T09:50:00,25.34,7.36,22.5
2026-10-05T10:00:00,25.25,7.35,20.6
2026-10-05T10:10:00,25.11,7.37,19.47
2026-10-05T10:20:00,25.72,7.39,19.31
2026-10-05T10:30:00,25.68,7.4,16.94
2026-10-05T10:40:00,25.88,7.35,17.55
2026-10-05T10:50:00,26.25,7.4,16.72
2026-10-05T11:00:00,26.37,7.39,16.07
2026-10-05T11:10:00,26.41,7.4,14.65
2026-10-05T11:20:00,26.53,7.38,13.88
2026-10-05T11:30:00,26.78,7.38,13.03
2026-10-05T11:40:00,26.84,7.42,12.63
2026-10-05T11:50:00,26.84,7.42,12.12
2026-10-05T12:00:00,27.08,7.45,12.76
2026-10-05T12:10:00,27.28,7.41,11.92
2026-10-05T12:20:00,27.33,7.41,12.12
2026-10-05T12:30:00,27.24,7.35,11.87
2026-10-05T12:40:00,27.71,7.37,10.35
2026-10-05T12:50:00,27.23,7.41,10.07
2026-10-05T13:00:00,27.66,7.39,10.52
2026-10-05T13:10:00,27.71,7.45,9.87
2026-10-05T13:20:00,27.88,7.39,9.59
2026-10-05T13:30:00,28.01,7.42,11.46
2026-10-05T13:40:00,28.16,7.42,8.71
2026-10-05T13:50:00,27.93,7.48,11.4
2026-10-05T14:00:00,,,
2026-10-05T14:10:00,28.14,7.46,10.3
2026-10-05T14:20:00,27.87,7.46,10.08
2026-10-05T14:30:00,28.44,7.48,9.77
2026-10-05T14:40:00,27.96,7.48,10.51
2026-10-05T14:50:00,28.24,7.45,8.22
2026-10-05T15:00:00,28.33,7.41,7.87
2026-10-05T15:10:00,28.31,7.45,7.32
2026-10-05T15:20:00,28.19,7.46,6.64
2026-10-05T15:30:00,28.35,7.46,7.47
2026-10-05T15:40:00,27.98,7.43,9.5
2026-10-05T15:50:00,28.19,7.49,7.86
2026-10-05T16:00:00,28.08,7.45,9.59
2026-10-05T16:10:00,28.02,7.42,9.67
2026-10-05T16:20:00,28.16,7.44,10.4
2026-10-05T16:30:00,28.22,7.51,9.52
2026-10-05T16:40:00,27.98,7.47,9.89
2026-10-05T16:50:00,28.11,7.48,8.26
2026-10-05T17:00:00,27.95,7.42,8.18
2026-10-05T17:10:00,27.75,7.42,8.24
2026-10-05T17:20:00,27.79,7.42,8.0
2026-10-05T17:30:00,27.73,7.44,8.12
2026-10-05T17:40:00,27.61,7.42,8.6
2026-10-05T17:50:00,27.71,7.4,7.63
2026-10-05T18:00:00,27.6,7.41,6.9
2026-10-05T18:10:00,27.24,7.4,8.29
2026-10-05T18:20:00,27.16,7.42,7.45
2026-10-05T18:30:00,27.4,7.45,7.53
2026-10-05T18:40:00,27.12,7.37,7.89
2026-10-05T18:50:00,27.19,7.42,7.7
2026-10-05T19:00:00,27.17,7.44,8.89
2026-10-05T19:10:00,26.77,7.39,7.87
2026-10-05T19:20:00,26.66,7.37,8.93
2026-10-05T19:30:00,27.0,7.41,8.16
2026-10-05T19:40:00,26.69,7.35,7.93
2026-10-05T19:50:00,26.46,7.37,8.13
2026-10-05T20:00:00,26.26,7.33,6.97
2026-10-05T20:10:00,26.21,7.3,8.27
2026-10-05T20:20:00,25.99,7.34,8.68
2026-10-05T20:30:00,26.19,7.3,8.79
2026-10-05T20:40:00,25.84,7.33,6.92
2026-10-05T20:50:00,26.01,7.36,6.78
2026-10-05T21:00:00,25.67,7.38,7.57
2026-10-05T21:10:00,25.46,7.31,9.11
2026-10-05T21:20:00,25.46,7.33,8.18
2026-10-05T21:30:00,25.01,7.31,7.38
2026-10-05T21:40:00,25.27,7.28,6.84
2026-10-05T21:50:00,25.16,7.22,7.45
2026-10-05T22:00:00,25.2,7.32,7.4
2026-10-05T22:10:00,24.7,7.23,8.75
2026-10-05T22:20:00,25.05,7.31,8.81
2026-10-05T22:30:00,24.9,7.28,7.16
2026-10-05T22:40:00,24.86,7.22,8.6
2026-10-05T22:50:00,24.56,7.25,8.52
2026-10-05T23:00:00,24.63,7.3,7.06
2026-10-05T23:10:00,24.15,7.27,7.93
2026-10-05T23:20:00,24.37,7.21,8.27
2026-10-05T23:30:00,24.07,7.19,8.13
2026-10-05T23:40:00,23.85,7.21,6.63
2026-10-05T23:50:00,23.83,7.19,8.1
2026-10-06T00:00:00,23.92,7.23,8.51
2026-10-06T00:10:00,23.73,7.21,9.26
2026-10-06T00:20:00,23.82,7.14,7.46
2026-10-06T00:30:00,23.41,7.2,7.56
2026-10-06T00:40:00,23.29,7.16,7.83
2026-10-06T00:50:00,23.77,7.16,8.23
2026-10-06T01:00:00,23.64,7.17,8.08
2026-10-06T01:10:00,23.3,7.19,8.48
2026-10-06T01:20:00,23.4,7.18,7.1
2026-10-06T01:30:00,23.5,7.13,8.32
2026-10-06T01:40:00,23.37,7.15,7.41
2026-10-06T01:50:00,23.3,7.13,7.89
2026-10-06T02:00:00,23.42,7.09,9.37
2026-10-06T02:10:00,23.11,7.13,6.88
2026-10-06T02:20:00,23.21,7.19,7.78
2026-10-06T02:30:00,23.19,7.09,6.98
2026-10-06T02:40:00,23.15,7.13,8.12
2026-10-06T02:50:00,23.13,7.13,8.84
2026-10-06T03:00:00,23.18,7.14,8.14
2026-10-06T03:10:00,23.15,7.1,7.91
2026-10-06T03:20:00,23.01,7.09,9.06
2026-10-06T03:30:00,23.31,7.09,8.26
2026-10-06T03:40:00,23.05,7.17,8.66
2026-10-06T03:50:00,23.17,7.11,8.57
2026-10-06T04:00:00,23.18,7.12,5.7
2026-10-06T04:10:00,23.32,7.2,7.94
2026-10-06T04:20:00,23.0,7.12,7.14
2026-10-06T04:30:00,23.5,7.15,7.34
2026-10-06T04:40:00,23.3,7.17,9.18
2026-10-06T04:50:00,23.63,7.17,7.7
2026-10-06T05:00:00,23.42,7.1,9.51
2026-10-06T05:10:00,23.54,7.13,6.87
2026-10-06T05:20:00,23.89,7.16,7.13
2026-10-06T05:30:00,23.64,7.21,8.61
2026-10-06T05:40:00,23.96,7.13,7.73
2026-10-06T05:50:00,23.86,7.14,8.25
2026-10-06T06:00:00,23.98,7.18,7.91
2026-10-06T06:10:00,24.02,7.19,7.89
2026-10-06T06:20:00,24.22,7.19,7.76
2026-10-06T06:30:00,24.08,7.15,8.14
2026-10-06T06:40:00,24.14,7.16,8.51
2026-10-06T06:50:00,24.29,7.19,9.29
2026-10-06T07:00:00,24.5,7.23,7.84
2026-10-06T07:10:00,24.55,7.19,7.69
2026-10-06T07:20:00,24.79,7.19,7.58
2026-10-06T07:30:00,24.96,7.16,9.18
2026-10-06T07:40:00,24.72,7.26,8.55
2026-10-06T07:50:00,24.86,7.2,6.48
2026-10-06T08:00:00,24.85,7.24,6.45
2026-10-06T08:10:00,25.49,7.21,7.34
2026-10-06T08:20:00,25.35,7.22,8.18
2026-10-06T08:30:00,25.5,7.18,7.97
2026-10-06T08:40:00,25.34,7.16,8.41
2026-10-06T08:50:00,25.66,7.26,7.86
2026-10-06T09:00:00,25.85,7.24,9.12
2026-10-06T09:10:00,25.84,7.25,8.62
2026-10-06T09:20:00,26.14,7.21,8.06
2026-10-06T09:30:00,26.44,7.23,8.92
2026-10-06T09:40:00,26.06,7.3,6.68
2026-10-06T09:50:00,26.14,7.32,7.93
2026-10-06T10:00:00,26.27,7.26,8.11
2026-10-06T10:10:00,26.75,7.3,8.48
2026-10-06T10:20:00,26.78,7.29,6.63
2026-10-06T10:30:00,26.72,7.29,7.79
2026-10-06T10:40:00,26.84,7.35,8.32
2026-10-06T10:50:00,26.81,7.3,8.38
2026-10-06T11:00:00,27.17,7.35,8.95
2026-10-06T11:10:00,27.07,7.33,8.61
2026-10-06T11:20:00,27.16,7.32,7.95
2026-10-06T11:30:00,27.38,7.37,8.54
2026-10-06T11:40:00,27.34,7.34,7.84
2026-10-06T11:50:00,27.4,7.33,8.12
2026-10-06T12:00:00,27.52,7.38,8.64
2026-10-06T12:10:00,27.72,7.38,7.96
2026-10-06T12:20:00,27.9,7.38,8.29
2026-10-06T12:30:00,27.81,7.23,8.77
2026-10-06T12:40:00,27.92,7.37,8.57
2026-10-06T12:50:00,27.84,7.36,8.99
2026-10-06T13:00:00,27.83,7.36,9.86
2026-10-06T13:10:00,28.09,7.39,8.56
2026-10-06T13:20:00,28.05,7.38,7.63
2026-10-06T13:30:00,27.85,7.39,8.41
2026-10-06T13:40:00,28.05,7.37,8.38
2026-10-06T13:50:00,28.13,7.42,8.49
2026-10-06T14:00:00,28.11,7.4,9.2
2026-10-06T14:10:00,28.44,7.4,6.65
2026-10-06T14:20:00,28.31,7.4,9.21
2026-10-06T14:30:00,28.45,7.42,9.48
2026-10-06T14:40:00,28.29,7.42,8.45
2026-10-06T14:50:00,28.28,7.38,8.47
2026-10-06T15:00:00,28.12,7.42,7.81
2026-10-06T15:10:00,28.26,7.39,8.01
2026-10-06T15:20:00,28.25,7.45,8.56
2026-10-06T15:30:00,28.03,7.43,8.51
2026-10-06T15:40:00,28.13,7.39,8.58
2026-10-06T15:50:00,28.15,7.48,8.5
2026-10-06T16:00:00,28.23,7.34,8.72
2026-10-06T16:10:00,28.21,7.43,8.63
2026-10-06T16:20:00,,,
2026-10-06T16:30:00,28.12,7.47,8.67
2026-10-06T16:40:00,27.98,7.42,9.49
2026-10-06T16:50:00,27.54,7.39,7.98
2026-10-06T17:00:00,27.83,7.4,9.2
2026-10-06T17:10:00,27.99,7.39,7.27
2026-10-06T17:20:00,27.5,7.4,7.98
2026-10-06T17:30:00,27.7,7.4,7.49
2026-10-06T17:40:00,27.85,7.39,9.1
2026-10-06T17:50:00,27.43,7.41,9.31
2026-10-06T18:00:00,27.48,7.41,7.92
2026-10-06T18:10:00,27.18,7.36,8.94
2026-10-06T18:20:00,27.54,7.34,9.32
2026-10-06T18:30:00,27.21,7.39,7.97
2026-10-06T18:40:00,27.14,7.39,8.1
2026-10-06T18:50:00,-127.0,7.4,8.59
2026-10-06T19:00:00,27.03,7.38,7.33
2026-10-06T19:10:00,26.7,7.41,8.09
2026-10-06T19:20:00,26.63,7.38,9.71
2026-10-06T19:30:00,26.72,7.43,7.6
2026-10-06T19:40:00,26.46,7.44,8.68
2026-10-06T19:50:00,,,
2026-10-06T20:00:00,26.36,7.27,7.87
2026-10-06T20:10:00,26.04,7.33,8.18
2026-10-06T20:20:00,26.41,7.34,9.4
2026-10-06T20:30:00,26.09,7.32,8.44
2026-10-06T20:40:00,25.82,7.33,8.57
2026-10-06T20:50:00,25.75,7.3,9.28
2026-10-06T21:00:00,25.49,7.28,7.77
2026-10-06T21:10:00,25.51,7.27,7.16
2026-10-06T21:20:00,25.71,7.28,9.41
2026-10-06T21:30:00,25.79,7.3,8.11
2026-10-06T21:40:00,25.46,7.26,8.71
2026-10-06T21:50:00,25.22,7.26,7.39
2026-10-06T22:00:00,25.07,7.27,8.31
2026-10-06T22:10:00,24.89,7.24,7.12
2026-10-06T22:20:00,25.24,7.27,8.05
2026-10-06T22:30:00,24.8,7.2,7.48
2026-10-06T22:40:00,25.05,7.19,7.3
2026-10-06T22:50:00,24.85,7.23,7.76
2026-10-06T23:00:00,24.26,7.23,6.17
2026-10-06T23:10:00,24.34,7.18,7.07
2026-10-06T23:20:00,24.24,7.24,8.63
2026-10-06T23:30:00,24.22,7.25,8.28
2026-10-06T23:40:00,24.14,7.16,7.14
2026-10-06T23:50:00,24.52,7.22,8.44
2026-10-07T00:00:00,23.82,7.1,7.3
2026-10-07T00:10:00,23.95,7.2,8.58
2026-10-07T00:20:00,23.92,7.14,7.91
2026-10-07T00:30:00,23.76,7.19,7.74
2026-10-07T00:40:00,23.71,7.12,7.93
2026-10-07T00:50:00,23.47,7.15,10.05
2026-10-07T01:00:00,23.59,7.12,7.39
2026-10-07T01:10:00,23.59,7.13,8.18
2026-10-07T01:20:00,23.52,7.19,8.63
2026-10-07T01:30:00,23.51,7.13,7.23
2026-10-07T01:40:00,23.58,7.19,6.72
2026-10-07T01:50:00,23.45,7.11,7.52
2026-10-07T02:00:00,23.29,7.16,8.61
2026-10-07T02:10:00,23.08,7.06,7.73
2026-10-07T02:20:00,23.14,7.1,7.82
2026-10-07T02:30:00,23.18,7.09,8.73
2026-10-07T02:40:00,23.24,7.15,7.35
2026-10-07T02:50:00,23.14,7.1,7.93
2026-10-07T03:00:00,23.05,7.04,6.79
2026-10-07T03:10:00,23.01,7.06,8.26
2026-10-07T03:20:00,22.93,7.07,8.18
2026-10-07T03:30:00,23.16,7.13,8.64
2026-10-07T03:40:00,23.01,7.12,7.08
2026-10-07T03:50:00,23.09,7.09,7.85
2026-10-07T04:00:00,23.18,7.08,6.98
2026-10-07T04:10:00,23.06,7.11,7.8
2026-10-07T04:20:00,23.34,7.06,9.19
2026-10-07T04:30:00,23.43,7.1,7.74
2026-10-07T04:40:00,23.28,7.1,6.91
2026-10-07T04:50:00,23.34,7.07,7.46
2026-10-07T05:00:00,23.54,7.1,6.71
2026-10-07T05:10:00,23.42,7.09,6.96
2026-10-07T05:20:00,23.46,7.11,8.54
2026-10-07T05:30:00,23.81,7.06,6.84
2026-10-07T05:40:00,23.84,7.13,8.25
2026-10-07T05:50:00,23.85,7.14,8.02
2026-10-07T06:00:00,23.98,7.12,7.57
2026-10-07T06:10:00,23.62,7.13,8.18
2026-10-07T06:20:00,24.2,7.11,7.25
2026-10-07T06:30:00,24.16,7.15,8.67
2026-10-07T06:40:00,24.34,7.12,7.44
2026-10-07T06:50:00,24.35,7.09,7.69
2026-10-07T07:00:00,24.39,7.16,7.6
2026-10-07T07:10:00,24.43,7.09,8.55
2026-10-07T07:20:00,24.62,7.15,8.44
2026-10-07T07:30:00,24.61,7.13,5.9
2026-10-07T07:40:00,24.88,7.14,8.2
2026-10-07T07:50:00,24.62,7.16,6.6
2026-10-07T08:00:00,24.89,7.15,7.73
2026-10-07T08:10:00,25.38,7.19,7.91
2026-10-07T08:20:00,25.09,7.18,7.72
2026-10-07T08:30:00,25.27,7.17,8.4
2026-10-07T08:40:00,25.3,7.23,8.58
2026-10-07T08:50:00,25.59,7.2,7.38
2026-10-07T09:00:00,25.55,7.22,7.35
2026-10-07T09:10:00,25.73,7.24,7.97
2026-10-07T09:20:00,25.99,7.25,6.77
2026-10-07T09:30:00,25.86,7.23,7.62
2026-10-07T09:40:00,26.19,7.22,9.08
2026-10-07T09:50:00,26.29,7.19,6.79
2026-10-07T10:00:00,26.43,7.24,7.73
2026-10-07T10:10:00,26.42,7.27,7.53
2026-10-07T10:20:00,26.99,7.25,9.6
2026-10-07T10:30:00,26.76,7.14,7.57
2026-10-07T10:40:00,26.75,7.28,7.62
2026-10-07T10:50:00,26.67,7.28,7.18
2026-10-07T11:00:00,26.88,7.26,8.01
2026-10-07T11:10:00,27.21,7.3,8.22
2026-10-07T11:20:00,27.35,7.29,7.29
2026-10-07T11:30:00,27.42,7.26,8.79
2026-10-07T11:40:00,27.41,7.32,8.22
2026-10-07T11:50:00,,,
2026-10-07T12:00:00,27.52,7.3,7.74
2026-10-07T12:10:00,27.33,7.31,8.19
2026-10-07T12:20:00,27.38,7.29,7.83
2026-10-07T12:30:00,27.71,7.33,9.17
2026-10-07T12:40:00,27.82,7.37,8.09
2026-10-07T12:50:00,27.95,7.37,8.01
2026-10-07T13:00:00,27.95,7.36,7.63
2026-10-07T13:10:00,28.02,7.28,7.59
2026-10-07T13:20:00,27.84,7.3,8.19
2026-10-07T13:30:00,28.02,7.35,8.66
2026-10-07T13:40:00,27.85,7.35,7.45
2026-10-07T13:50:00,27.78,7.34,8.1
2026-10-07T14:00:00,28.23,7.42,8.15
2026-10-07T14:10:00,27.99,7.37,8.29
2026-10-07T14:20:00,28.24,7.38,6.63
2026-10-07T14:30:00,28.3,7.4,7.26
2026-10-07T14:40:00,28.05,7.37,6.91
2026-10-07T14:50:00,28.23,7.45,8.03
2026-10-07T15:00:00,28.04,7.34,7.28
2026-10-07T15:10:00,27.87,7.36,7.6
2026-10-07T15:20:00,28.15,7.35,7.04
2026-10-07T15:30:00,28.08,7.43,7.68
2026-10-07T15:40:00,28.06,7.4,7.1
2026-10-07T15:50:00,28.41,7.36,8.61
2026-10-07T16:00:00,27.87,7.35,8.38
2026-10-07T16:10:00,28.13,7.42,8.12
2026-10-07T16:20:00,27.88,7.39,7.76
2026-10-07T16:30:00,28.12,7.42,6.37
2026-10-07T16:40:00,27.99,7.38,7.63
2026-10-07T16:50:00,27.94,7.4,7.39
2026-10-07T17:00:00,27.69,7.39,8.2
2026-10-07T17:10:00,27.65,7.36,8.5
2026-10-07T17:20:00,27.85,7.38,8.26
2026-10-07T17:30:00,27.91,7.35,9.01
2026-10-07T17:40:00,27.65,7.39,7.55
2026-10-07T17:50:00,27.37,7.4,7.51
2026-10-07T18:00:00,27.48,7.4,8.83
2026-10-07T18:10:00,27.72,7.4,8.13
2026-10-07T18:20:00,27.28,7.37,7.8
2026-10-07T18:30:00,27.39,7.42,9.48
2026-10-07T18:40:00,26.98,7.4,8.46
2026-10-07T18:50:00,26.99,7.41,7.85
2026-10-07T19:00:00,26.98,7.41,7.45
2026-10-07T19:10:00,26.86,7.36,9.06
2026-10-07T19:20:00,26.59,7.37,8.17
2026-10-07T19:30:00,26.47,7.37,8.02
2026-10-07T19:40:00,26.64,7.31,8.54
2026-10-07T19:50:00,26.57,7.31,8.7
2026-10-07T20:00:00,26.52,7.29,8.44
2026-10-07T20:10:00,26.47,7.33,8.71
2026-10-07T20:20:00,26.09,7.31,8.36
2026-10-07T20:30:00,25.92,7.27,8.44
2026-10-07T20:40:00,26.06,7.31,7.41
2026-10-07T20:50:00,25.85,7.31,9.45
2026-10-07T21:00:00,25.5,7.34,7.01
2026-10-07T21:10:00,25.4,7.36,8.25
2026-10-07T21:20:00,25.53,7.31,6.93
2026-10-07T21:30:00,25.34,7.27,7.92
2026-10-07T21:40:00,25.25,7.31,7.54
2026-10-07T21:50:00,25.31,7.28,8.11
2026-10-07T22:00:00,25.17,7.26,8.27
2026-10-07T22:10:00,25.15,7.24,7.23
2026-10-07T22:20:00,24.56,7.24,7.98
2026-10-07T22:30:00,24.79,7.24,9.11
2026-10-07T22:40:00,24.76,7.27,6.95
2026-10-07T22:50:00,24.32,7.25,7.32
2026-10-07T23:00:00,24.35,7.28,8.69
2026-10-07T23:10:00,24.24,7.24,8.06
2026-10-07T23:20:00,24.27,7.23,8.12
2026-10-07T23:30:00,24.43,7.2,8.82
2026-10-07T23:40:00,24.41,7.17,7.36
2026-10-07T23:50:00,23.9,7.18,7.58
2026-10-08T00:00:00,24.03,7.16,7.49
2026-10-08T00:10:00,23.96,7.1,7.72
2026-10-08T00:20:00,23.85,7.15,9.07
2026-10-08T00:30:00,23.8,7.23,6.64
2026-10-08T00:40:00,23.72,7.19,7.04
2026-10-08T00:50:00,23.85,7.16,6.91
2026-10-08T01:00:00,23.69,7.19,9.12
2026-10-08T01:10:00,23.31,7.11,7.51
2026-10-08T01:20:00,23.54,7.17,7.74
2026-10-08T01:30:00,23.5,7.2,6.71
2026-10-08T01:40:00,23.38,7.15,7.79
2026-10-08T01:50:00,23.47,7.1,8.69
2026-10-08T02:00:00,23.3,7.14,8.2
2026-10-08T02:10:00,23.28,7.18,7.91
2026-10-08T02:20:00,23.25,7.15,6.75
2026-10-08T02:30:00,22.92,7.1,7.74
2026-10-08T02:40:00,23.18,7.21,8.12
2026-10-08T02:50:00,23.08,7.1,7.21
2026-10-08T03:00:00,22.98,7.12,8.52
2026-10-08T03:10:00,23.37,7.1,8.71
2026-10-08T03:20:00,23.24,7.1,7.58
2026-10-08T03:30:00,23.18,7.12,8.58
2026-10-08T03:40:00,23.13,7.15,7.91
2026-10-08T03:50:00,23.28,7.16,8.92
2026-10-08T04:00:00,23.41,7.11,9.63
2026-10-08T04:10:00,23.17,7.1,7.13
2026-10-08T04:20:00,23.32,7.15,8.62
2026-10-08T04:30:00,23.49,7.15,9.04
2026-10-08T04:40:00,23.13,7.14,7.22
2026-10-08T04:50:00,23.45,7.15,7.54
2026-10-08T05:00:00,23.46,7.14,7.53
2026-10-08T05:10:00,23.56,7.15,7.89
2026-10-08T05:20:00,23.56,7.14,7.71
2026-10-08T05:30:00,23.73,7.18,7.84
2026-10-08T05:40:00,24.07,7.22,8.67
2026-10-08T05:50:00,23.81,7.16,6.48
2026-10-08T06:00:00,23.97,7.16,7.22
2026-10-08T06:10:00,24.29,7.16,8.54
2026-10-08T06:20:00,23.99,7.14,8.44
2026-10-08T06:30:00,24.43,7.18,7.15
2026-10-08T06:40:00,24.24,7.18,8.45
2026-10-08T06:50:00,24.6,7.16,9.06
2026-10-08T07:00:00,24.53,7.2,7.96
2026-10-08T07:10:00,24.56,7.18,7.19
2026-10-08T07:20:00,24.6,7.16,8.7
2026-10-08T07:30:00,24.64,7.21,9.38
2026-10-08T07:40:00,24.83,7.21,7.29
2026-10-08T07:50:00,25.07,7.24,8.03
2026-10-08T08:00:00,25.04,7.24,8.87
2026-10-08T08:10:00,25.11,7.22,8.09
2026-10-08T08:20:00,25.23,7.22,6.6
2026-10-08T08:30:00,25.52,7.24,8.35
2026-10-08T08:40:00,25.67,7.26,7.22
2026-10-08T08:50:00,25.51,7.27,6.98
2026-10-08T09:00:00,25.61,7.27,6.62
2026-10-08T09:10:00,25.89,7.27,8.95
2026-10-08T09:20:00,26.16,7.31,7.33
2026-10-08T09:30:00,26.21,7.27,8.27
2026-10-08T09:40:00,25.95,7.37,8.46
2026-10-08T09:50:00,26.21,7.32,8.13
2026-10-08T10:00:00,26.23,7.27,8.24
2026-10-08T10:10:00,26.43,7.32,8.3
2026-10-08T10:20:00,26.82,7.34,8.11
2026-10-08T10:30:00,26.45,7.31,7.39
2026-10-08T10:40:00,26.52,7.28,7.32
2026-10-08T10:50:00,26.72,7.3,7.92
2026-10-08T11:00:00,26.98,7.35,7.9
2026-10-08T11:10:00,27.12,7.29,8.34
2026-10-08T11:20:00,27.2,7.3,8.88
2026-10-08T11:30:00,27.42,7.37,8.28
2026-10-08T11:40:00,27.06,7.35,7.35
2026-10-08T11:50:00,27.6,7.35,6.26
2026-10-08T12:00:00,27.46,7.36,7.38
2026-10-08T12:10:00,27.69,7.34,6.92
2026-10-08T12:20:00,27.46,7.39,7.42
2026-10-08T12:30:00,27.72,7.36,8.19
2026-10-08T12:40:00,27.82,7.37,8.07
2026-10-08T12:50:00,28.02,7.4,9.49
2026-10-08T13:00:00,27.65,7.39,8.39
2026-10-08T13:10:00,27.93,7.38,9.53
2026-10-08T13:20:00,27.82,7.34,8.57
2026-10-08T13:30:00,28.1,7.43,8.87
2026-10-08T13:40:00,28.17,7.42,7.71
2026-10-08T13:50:00,28.28,7.4,7.14
2026-10-08T14:00:00,28.05,7.39,7.64
2026-10-08T14:10:00,28.3,7.42,7.99
2026-10-08T14:20:00,28.37,7.44,7.5
2026-10-08T14:30:00,27.95,7.43,7.2
2026-10-08T14:40:00,28.32,7.48,8.33
2026-10-08T14:50:00,28.38,7.46,7.2
2026-10-08T15:00:00,28.21,7.43,6.77
2026-10-08T15:10:00,28.08,7.46,7.1
2026-10-08T15:20:00,28.41,7.45,7.81
2026-10-08T15:30:00,28.08,7.45,7.21
2026-10-08T15:40:00,28.22,7.49,7.82
2026-10-08T15:50:00,28.23,7.42,8.48
2026-10-08T16:00:00,28.3,7.44,8.46
2026-10-08T16:10:00,28.08,7.48,7.47
2026-10-08T16:20:00,28.02,7.45,6.96
2026-10-08T16:30:00,28.09,7.43,7.54
2026-10-08T16:40:00,28.2,7.39,8.52
2026-10-08T16:50:00,28.35,7.37,8.71
2026-10-08T17:00:00,27.74,7.5,8.28
2026-10-08T17:10:00,27.96,7.45,8.96
2026-10-08T17:20:00,27.67,7.42,9.38
2026-10-08T17:30:00,27.92,7.45,7.61
2026-10-08T17:40:00,27.56,7.4,9.19
2026-10-08T17:50:00,27.53,7.42,7.79
2026-10-08T18:00:00,27.48,7.4,8.82
2026-10-08T18:10:00,27.47,7.39,8.57
2026-10-08T18:20:00,27.46,7.37,6.42
2026-10-08T18:30:00,27.38,7.38,7.23
2026-10-08T18:40:00,27.23,7.46,7.02
2026-10-08T18:50:00,26.94,7.38,6.57
2026-10-08T19:00:00,27.15,7.43,8.7
2026-10-08T19:10:00,26.93,7.44,9.66
2026-10-08T19:20:00,27.01,7.41,7.79
2026-10-08T19:30:00,26.63,7.39,8.68
2026-10-08T19:40:00,26.41,7.39,9.19
2026-10-08T19:50:00,26.54,7.36,8.17
2026-10-08T20:00:00,26.64,7.41,7.98
2026-10-08T20:10:00,26.34,7.42,7.8
2026-10-08T20:20:00,26.17,7.4,8.43
2026-10-08T20:30:00,25.96,7.29,8.7
2026-10-08T20:40:00,26.24,7.34,8.37
2026-10-08T20:50:00,25.72,7.34,8.34
2026-10-08T21:00:00,25.66,7.35,7.96
2026-10-08T21:10:00,25.76,7.28,6.73
2026-10-08T21:20:00,25.28,7.27,8.72
2026-10-08T21:30:00,25.65,7.36,6.97
2026-10-08T21:40:00,25.44,7.29,8.5
2026-10-08T21:50:00,25.37,7.25,8.6
2026-10-08T22:00:00,25.23,7.25,7.09
2026-10-08T22:10:00,25.0,7.29,7.51
2026-10-08T22:20:00,24.74,7.25,9.7
2026-10-08T22:30:00,24.77,7.27,7.94
2026-10-08T22:40:00,24.55,7.24,7.02
2026-10-08T22:50:00,24.67,7.21,8.64
2026-10-08T23:00:00,24.63,7.3,7.38
2026-10-08T23:10:00,,,
2026-10-08T23:20:00,24.39,7.23,8.42
2026-10-08T23:30:00,24.39,7.22,7.27
2026-10-08T23:40:00,24.13,7.28,8.26
2026-10-08T23:50:00,24.03,7.25,7.35
2026-10-09T00:00:00,24.09,7.26,8.57
2026-10-09T00:10:00,23.88,7.19,8.15
2026-10-09T00:20:00,23.92,7.21,5.93
2026-10-09T00:30:00,23.65,7.21,8.31
2026-10-09T00:40:00,23.61,7.18,7.77
2026-10-09T00:50:00,23.8,7.19,9.13
2026-10-09T01:00:00,23.75,7.17,8.32
2026-10-09T01:10:00,23.4,7.19,8.6
2026-10-09T01:20:00,23.59,7.13,7.43
2026-10-09T01:30:00,23.36,7.18,7.37
2026-10-09T01:40:00,23.4,7.17,7.98
2026-10-09T01:50:00,23.56,7.15,7.71
2026-10-09T02:00:00,23.43,7.17,9.07
2026-10-09T02:10:00,23.4,7.13,7.88
2026-10-09T02:20:00,23.57,7.12,7.02
2026-10-09T02:30:00,23.18,7.16,7.34
2026-10-09T02:40:00,23.12,7.16,8.77
2026-10-09T02:50:00,23.15,7.12,7.87
2026-10-09T03:00:00,23.2,7.11,7.82
2026-10-09T03:10:00,22.87,7.12,8.85
2026-10-09T03:20:00,23.2,7.1,7.27
2026-10-09T03:30:00,23.15,7.16,6.21
2026-10-09T03:40:00,23.37,7.13,7.32
2026-10-09T03:50:00,23.31,7.12,8.19
2026-10-09T04:00:00,23.18,7.09,7.8
2026-10-09T04:10:00,23.39,7.14,6.75
2026-10-09T04:20:00,23.45,7.1,8.81
2026-10-09T04:30:00,23.27,7.1,8.13
2026-10-09T04:40:00,23.34,7.14,8.31
2026-10-09T04:50:00,23.14,7.12,8.34
2026-10-09T05:00:00,23.35,7.04,6.96
2026-10-09T05:10:00,23.47,7.11,8.24
2026-10-09T05:20:00,23.65,7.12,8.73
2026-10-09T05:30:00,23.55,7.12,8.91
2026-10-09T05:40:00,23.68,7.13,8.58
2026-10-09T05:50:00,23.65,7.07,8.41
2026-10-09T06:00:00,23.94,7.04,6.61
2026-10-09T06:10:00,24.06,7.1,7.99
2026-10-09T06:20:00,24.15,7.14,7.23
2026-10-09T06:30:00,24.19,7.04,9.03
2026-10-09T06:40:00,24.04,7.12,8.9
2026-10-09T06:50:00,24.28,7.09,7.24
2026-10-09T07:00:00,24.42,7.14,7.96
2026-10-09T07:10:00,24.54,7.21,8.2
2026-10-09T07:20:00,24.69,7.14,8.72
2026-10-09T07:30:00,24.99,7.15,6.66
2026-10-09T07:40:00,25.01,7.19,6.23
2026-10-09T07:50:00,24.83,7.17,8.03
2026-10-09T08:00:00,25.17,7.17,5.97
2026-10-09T08:10:00,25.27,7.21,8.13
2026-10-09T08:20:00,25.16,7.19,8.47
2026-10-09T08:30:00,25.52,7.19,8.99
2026-10-09T08:40:00,25.47,7.19,7.5
2026-10-09T08:50:00,25.38,7.19,8.13
2026-10-09T09:00:00,25.77,7.24,8.52
2026-10-09T09:10:00,25.83,7.2,7.06
2026-10-09T09:20:00,25.9,7.25,8.73
2026-10-09T09:30:00,26.04,7.19,8.22
2026-10-09T09:40:00,26.05,7.27,7.52
2026-10-09T09:50:00,26.35,7.25,8.11
2026-10-09T10:00:00,26.36,7.21,7.89
2026-10-09T10:10:00,26.49,7.27,8.62
2026-10-09T10:20:00,26.59,7.24,7.71
2026-10-09T10:30:00,26.45,7.27,8.18
2026-10-09T10:40:00,26.57,7.25,7.5
2026-10-09T10:50:00,26.45,7.27,7.25
2026-10-09T11:00:00,26.95,7.31,8.14
2026-10-09T11:10:00,26.79,7.3,7.28
2026-10-09T11:20:00,27.08,7.26,8.64
2026-10-09T11:30:00,27.22,7.26,8.47
2026-10-09T11:40:00,27.34,7.31,7.39
2026-10-09T11:50:00,27.16,7.32,8.17
2026-10-09T12:00:00,27.4,7.29,7.38
2026-10-09T12:10:00,27.74,7.37,6.72
2026-10-09T12:20:00,27.83,7.34,7.52
2026-10-09T12:30:00,27.78,7.31,7.96
2026-10-09T12:40:00,27.76,7.31,8.42
2026-10-09T12:50:00,27.62,7.33,8.12
2026-10-09T13:00:00,27.93,7.33,8.73
2026-10-09T13:10:00,27.84,7.38,7.22
2026-10-09T13:20:00,27.98,7.38,7.7
2026-10-09T13:30:00,-127.0,7.35,9.32
2026-10-09T13:40:00,27.96,7.38,6.46
2026-10-09T13:50:00,28.04,7.38,7.64
2026-10-09T14:00:00,28.08,7.36,7.14
2026-10-09T14:10:00,28.15,7.37,7.84
2026-10-09T14:20:00,28.02,7.37,7.65
2026-10-09T14:30:00,27.94,7.38,8.48
2026-10-09T14:40:00,28.41,7.35,8.2
2026-10-09T14:50:00,28.53,7.35,6.96
2026-10-09T15:00:00,28.25,7.36,7.53
2026-10-09T15:10:00,27.97,7.35,8.0
2026-10-09T15:20:00,28.06,7.33,8.59
2026-10-09T15:30:00,28.24,7.39,9.95
2026-10-09T15:40:00,28.34,7.38,8.56
2026-10-09T15:50:00,27.92,7.34,7.19
2026-10-09T16:00:00,28.06,7.37,7.92
2026-10-09T16:10:00,28.06,7.36,8.14
2026-10-09T16:20:00,28.13,7.38,7.58
2026-10-09T16:30:00,27.93,7.34,8.38
2026-10-09T16:40:00,27.69,7.33,6.18
2026-10-09T16:50:00,27.98,7.38,8.44
2026-10-09T17:00:00,27.99,7.32,7.62
2026-10-09T17:10:00,,,
2026-10-09T17:20:00,27.77,7.36,9.17
2026-10-09T17:30:00,27.57,7.36,6.99
2026-10-09T17:40:00,27.46,7.37,8.22
2026-10-09T17:50:00,27.67,7.41,8.64
2026-10-09T18:00:00,27.51,7.31,8.14
2026-10-09T18:10:00,27.44,7.38,6.71
2026-10-09T18:20:00,27.52,7.28,9.08
2026-10-09T18:30:00,27.05,7.39,7.83
2026-10-09T18:40:00,27.04,7.28,7.58
2026-10-09T18:50:00,27.05,7.41,7.75
2026-10-09T19:00:00,26.84,7.32,7.69
2026-10-09T19:10:00,26.95,7.37,7.05
2026-10-09T19:20:00,26.72,7.35,8.13
2026-10-09T19:30:00,26.5,7.3,7.52
2026-10-09T19:40:00,26.57,7.3,8.54
2026-10-09T19:50:00,26.5,7.28,8.41
2026-10-09T20:00:00,26.51,7.32,9.3
2026-10-09T20:10:00,26.32,7.28,7.83
2026-10-09T20:20:00,26.22,7.26,7.36
2026-10-09T20:30:00,26.09,7.3,6.82
2026-10-09T20:40:00,25.9,7.24,9.75
2026-10-09T20:50:00,25.73,7.25,8.53
2026-10-09T21:00:00,25.78,7.26,7.45
2026-10-09T21:10:00,25.57,7.24,9.35
2026-10-09T21:20:00,25.78,7.24,9.08
2026-10-09T21:30:00,25.6,7.3,6.92
2026-10-09T21:40:00,25.36,7.24,7.4
2026-10-09T21:50:00,25.22,7.23,7.89
2026-10-09T22:00:00,25.05,7.23,7.14
2026-10-09T22:10:00,24.77,7.24,7.92
2026-10-09T22:20:00,24.81,7.19,8.57
2026-10-09T22:30:00,24.76,7.23,6.9
2026-10-09T22:40:00,24.7,7.22,8.23
2026-10-09T22:50:00,24.64,7.15,8.93
2026-10-09T23:00:00,24.62,7.25,8.32
2026-10-09T23:10:00,24.28,7.24,7.94
2026-10-09T23:20:00,24.18,7.16,7.47
2026-10-09T23:30:00,24.39,7.15,8.66
2026-10-09T23:40:00,24.21,7.18,7.06
2026-10-09T23:50:00,23.96,7.13,8.19
2026-10-10T00:00:00,23.91,7.21,8.02
2026-10-10T00:10:00,23.83,7.15,8.9
2026-10-10T00:20:00,23.76,7.2,7.53
2026-10-10T00:30:00,23.75,7.12,7.6
2026-10-10T00:40:00,24.0,7.14,7.01
2026-10-10T00:50:00,23.57,7.17,8.35
2026-10-10T01:00:00,23.59,7.12,7.66
2026-10-10T01:10:00,23.19,7.13,7.31
2026-10-10T01:20:00,23.32,7.15,7.39
2026-10-10T01:30:00,23.51,7.09,8.43
2026-10-10T01:40:00,23.33,7.06,7.12
2026-10-10T01:50:00,22.59,7.05,7.19
2026-10-10T02:00:00,23.29,7.11,8.72
2026-10-10T02:10:00,23.45,7.1,7.87
2026-10-10T02:20:00,22.83,7.12,8.76
2026-10-10T02:30:00,23.35,7.08,7.71
2026-10-10T02:40:00,22.69,7.05,8.0
2026-10-10T02:50:00,23.24,7.02,8.13
2026-10-10T03:00:00,23.1,7.17,9.11
2026-10-10T03:10:00,22.77,7.1,9.04
2026-10-10T03:20:00,23.19,7.09,8.92
2026-10-10T03:30:00,23.32,7.1,7.5
2026-10-10T03:40:00,23.2,7.04,7.21
2026-10-10T03:50:00,23.27,7.06,8.61
2026-10-10T04:00:00,23.13,7.13,9.1
2026-10-10T04:10:00,22.94,7.1,8.93
2026-10-10T04:20:00,23.36,7.06,8.01
2026-10-10T04:30:00,23.54,7.05,8.58
2026-10-10T04:40:00,23.5,7.07,8.6
2026-10-10T04:50:00,23.09,7.08,8.12
2026-10-10T05:00:00,23.21,7.15,8.15
2026-10-10T05:10:00,23.35,7.09,8.08
2026-10-10T05:20:00,23.3,7.06,7.37
2026-10-10T05:30:00,23.62,7.1,7.45
2026-10-10T05:40:00,23.72,7.11,7.44
2026-10-10T05:50:00,23.51,7.07,6.72
2026-10-10T06:00:00,23.92,7.13,8.11
2026-10-10T06:10:00,23.98,7.15,7.97
2026-10-10T06:20:00,23.89,7.12,8.61
2026-10-10T06:30:00,24.05,7.09,9.01
2026-10-10T06:40:00,23.88,7.1,9.06
2026-10-10T06:50:00,24.22,7.07,9.13
2026-10-10T07:00:00,24.39,7.12,7.39
2026-10-10T07:10:00,24.51,7.14,6.85
2026-10-10T07:20:00,24.63,7.1,8.74
2026-10-10T07:30:00,24.71,7.2,9.11
2026-10-10T07:40:00,24.74,7.16,9.24
2026-10-10T07:50:00,24.92,7.09,8.39
2026-10-10T08:00:00,25.12,7.1,6.4
2026-10-10T08:10:00,25.09,7.13,8.29
2026-10-10T08:20:00,25.26,7.22,8.44
2026-10-10T08:30:00,25.29,7.2,9.0
2026-10-10T08:40:00,25.33,7.23,9.14
2026-10-10T08:50:00,25.62,7.2,8.73
2026-10-10T09:00:00,25.56,7.2,7.53
2026-10-10T09:10:00,25.82,7.17,7.18
2026-10-10T09:20:00,25.86,7.22,8.43
2026-10-10T09:30:00,25.92,7.21,7.37
2026-10-10T09:40:00,26.05,7.22,9.18
2026-10-10T09:50:00,26.13,7.28,6.64
2026-10-10T10:00:00,26.06,7.24,8.45
2026-10-10T10:10:00,26.47,7.29,8.26
2026-10-10T10:20:00,26.54,7.21,7.83
2026-10-10T10:30:00,26.73,7.34,7.26
2026-10-10T10:40:00,26.62,7.26,6.35
2026-10-10T10:50:00,27.09,7.3,7.57
2026-10-10T11:00:00,26.83,7.31,7.59
2026-10-10T11:10:00,26.86,7.27,8.89
2026-10-10T11:20:00,26.93,7.32,7.37
2026-10-10T11:30:00,26.91,7.33,8.36
2026-10-10T11:40:00,27.47,7.29,6.97
2026-10-10T11:50:00,27.54,7.29,8.38
2026-10-10T12:00:00,27.52,7.32,6.21
2026-10-10T12:10:00,27.38,7.32,9.68
2026-10-10T12:20:00,27.84,7.37,7.89
2026-10-10T12:30:00,27.59,7.36,5.76
2026-10-10T12:40:00,,,
2026-10-10T12:50:00,27.98,7.37,7.3
2026-10-10T13:00:00,27.92,7.29,7.48
2026-10-10T13:10:00,28.2,7.33,7.71
2026-10-10T13:20:00,27.96,7.37,7.47
2026-10-10T13:30:00,27.91,7.4,7.35
2026-10-10T13:40:00,27.92,7.37,7.07
2026-10-10T13:50:00,27.79,7.41,8.66
2026-10-10T14:00:00,28.07,7.4,8.96
2026-10-10T14:10:00,28.28,7.36,7.8
2026-10-10T14:20:00,28.21,7.37,7.99
2026-10-10T14:30:00,28.14,7.39,7.1
2026-10-10T14:40:00,27.98,7.37,8.06
2026-10-10T14:50:00,28.17,7.43,8.18
2026-10-10T15:00:00,26.81,6.85,42.82
2026-10-10T15:10:00,26.8,6.92,41.2
2026-10-10T15:20:00,26.84,6.96,39.13
2026-10-10T15:30:00,26.75,6.96,36.17
2026-10-10T15:40:00,27.06,6.98,36.21
2026-10-10T15:50:00,26.52,7.02,33.44
2026-10-10T16:00:00,27.08,7.07,33.4
2026-10-10T16:10:00,27.45,7.06,30.93
2026-10-10T16:20:00,26.84,7.06,30.81
2026-10-10T16:30:00,27.06,7.14,28.88
2026-10-10T16:40:00,27.11,7.13,26.92
2026-10-10T16:50:00,27.04,7.16,25.02
2026-10-10T17:00:00,27.27,7.16,23.97
2026-10-10T17:10:00,27.16,7.22,23.96
2026-10-10T17:20:00,27.1,7.2,22.7
2026-10-10T17:30:00,27.17,7.16,21.23
2026-10-10T17:40:00,27.01,7.21,21.54
2026-10-10T17:50:00,27.45,7.19,20.13
2026-10-10T18:00:00,26.94,7.2,20.03
2026-10-10T18:10:00,26.91,7.17,17.89
2026-10-10T18:20:00,26.57,7.22,18.83
2026-10-10T18:30:00,26.69,7.24,17.82
2026-10-10T18:40:00,26.88,7.22,17.81
2026-10-10T18:50:00,26.45,7.2,17.1
2026-10-10T19:00:00,26.25,7.19,15.74
2026-10-10T19:10:00,26.52,7.3,15.2
2026-10-10T19:20:00,26.63,7.24,16.32
2026-10-10T19:30:00,26.36,7.21,14.24
2026-10-10T19:40:00,26.23,7.25,14.68
2026-10-10T19:50:00,25.91,7.3,13.41
2026-10-10T20:00:00,26.19,7.25,11.88
2026-10-10T20:10:00,26.14,7.14,12.06
2026-10-10T20:20:00,25.68,7.3,13.06
2026-10-10T20:30:00,26.03,7.17,13.01
2026-10-10T20:40:00,25.87,7.22,12.51
2026-10-10T20:50:00,25.83,7.18,12.84
2026-10-10T21:00:00,25.65,7.19,12.0
2026-10-10T21:10:00,25.58,7.21,10.85
2026-10-10T21:20:00,25.46,7.14,11.73
2026-10-10T21:30:00,25.4,7.2,11.19
2026-10-10T21:40:00,24.91,7.23,10.41
2026-10-10T21:50:00,24.86,7.16,11.08
2026-10-10T22:00:00,24.89,7.14,10.6
2026-10-10T22:10:00,24.89,7.18,9.9
2026-10-10T22:20:00,24.86,7.17,10.1
2026-10-10T22:30:00,24.75,7.16,11.23
2026-10-10T22:40:00,24.76,7.14,11.08
2026-10-10T22:50:00,24.66,7.18,10.01
2026-10-10T23:00:00,24.34,7.2,8.05
2026-10-10T23:10:00,24.42,7.14,6.85
2026-10-10T23:20:00,24.16,7.14,9.38
2026-10-10T23:30:00,24.14,7.17,8.83
2026-10-10T23:40:00,24.12,7.13,8.6
2026-10-10T23:50:00,23.49,7.16,6.18
2026-10-11T00:00:00,24.28,7.19,8.03
2026-10-11T00:10:00,23.93,7.14,7.9
2026-10-11T00:20:00,23.67,7.1,8.55
2026-10-11T00:30:00,23.99,7.14,7.64
2026-10-11T00:40:00,23.58,7.12,7.81
2026-10-11T00:50:00,23.6,7.11,8.5
2026-10-11T01:00:00,23.47,7.13,7.38
2026-10-11T01:10:00,23.76,7.13,7.54
2026-10-11T01:20:00,23.44,7.1,8.15
2026-10-11T01:30:00,23.43,7.09,9.07
2026-10-11T01:40:00,23.54,7.15,8.65
2026-10-11T01:50:00,23.42,7.12,8.86
2026-10-11T02:00:00,23.29,7.1,8.05
2026-10-11T02:10:00,23.44,7.08,9.2
2026-10-11T02:20:00,23.65,7.04,6.61
2026-10-11T02:30:00,23.3,7.11,9.62
2026-10-11T02:40:00,23.28,7.08,9.72
2026-10-11T02:50:00,23.28,7.05,8.37
2026-10-11T03:00:00,-127.0,7.07,8.67
2026-10-11T03:10:00,23.18,7.04,7.97
2026-10-11T03:20:00,23.25,7.1,7.83
2026-10-11T03:30:00,23.07,7.09,7.51
2026-10-11T03:40:00,23.13,7.07,7.96
2026-10-11T03:50:00,23.25,7.06,8.44
2026-10-11T04:00:00,23.36,7.04,8.34
2026-10-11T04:10:00,23.66,6.99,9.59
2026-10-11T04:20:00,23.5,7.01,8.08
2026-10-11T04:30:00,23.31,7.03,6.81
2026-10-11T04:40:00,23.37,7.02,9.32
2026-10-11T04:50:00,23.71,7.06,7.02
2026-10-11T05:00:00,23.73,7.09,7.55
2026-10-11T05:10:00,23.63,7.06,8.22
2026-10-11T05:20:00,23.62,7.11,8.33
2026-10-11T05:30:00,23.9,7.04,6.84
2026-10-11T05:40:00,23.65,7.06,7.4
2026-10-11T05:50:00,23.92,7.06,6.82
2026-10-11T06:00:00,24.3,7.1,8.5
2026-10-11T06:10:00,24.06,7.08,8.95
2026-10-11T06:20:00,23.99,7.09,7.02
2026-10-11T06:30:00,24.27,7.04,8.8
2026-10-11T06:40:00,24.23,7.06,8.74
2026-10-11T06:50:00,24.19,7.12,7.47
2026-10-11T07:00:00,24.59,7.03,6.41
2026-10-11T07:10:00,24.76,7.14,7.14
2026-10-11T07:20:00,24.65,7.12,7.52
2026-10-11T07:30:00,24.73,7.08,9.23
2026-10-11T07:40:00,24.75,7.08,7.91
2026-10-11T07:50:00,24.96,7.17,7.19
2026-10-11T08:00:00,25.01,7.16,8.12
2026-10-11T08:10:00,25.05,7.13,6.96
2026-10-11T08:20:00,25.59,7.14,8.41
2026-10-11T08:30:00,25.48,7.13,7.22
2026-10-11T08:40:00,25.6,7.16,7.33
2026-10-11T08:50:00,25.74,7.14,8.3
2026-10-11T09:00:00,25.83,7.15,9.4
2026-10-11T09:10:00,25.75,7.22,9.76
2026-10-11T09:20:00,25.97,7.17,7.17
2026-10-11T09:30:00,25.98,7.14,7.52
2026-10-11T09:40:00,26.2,7.14,8.41
2026-10-11T09:50:00,26.28,7.19,8.94
2026-10-11T10:00:00,26.28,7.18,6.27
2026-10-11T10:10:00,26.23,7.21,8.07
2026-10-11T10:20:00,26.57,7.17,7.61
2026-10-11T10:30:00,26.62,7.24,6.46
2026-10-11T10:40:00,26.47,7.19,6.93
2026-10-11T10:50:00,26.93,7.23,7.55
2026-10-11T11:00:00,27.07,7.23,8.05
2026-10-11T11:10:00,27.4,7.3,8.81
2026-10-11T11:20:00,27.07,7.26,8.28
2026-10-11T11:30:00,27.14,7.32,8.76
2026-10-11T11:40:00,27.14,7.29,8.02
2026-10-11T11:50:00,27.43,7.32,7.44
2026-10-11T12:00:00,27.51,7.28,7.85
2026-10-11T12:10:00,27.42,7.3,8.56
2026-10-11T12:20:00,27.57,7.34,8.83
2026-10-11T12:30:00,27.37,7.34,7.88
2026-10-11T12:40:00,27.86,7.33,7.26
2026-10-11T12:50:00,27.68,7.31,8.27
2026-10-11T13:00:00,27.84,7.32,8.38
2026-10-11T13:10:00,27.67,7.37,8.99
2026-10-11T13:20:00,27.83,7.38,7.46
2026-10-11T13:30:00,27.89,7.32,7.47
2026-10-11T13:40:00,27.97,7.32,8.6
2026-10-11T13:50:00,28.07,7.31,7.67
2026-10-11T14:00:00,28.24,7.37,7.64
2026-10-11T14:10:00,28.18,7.32,9.0
2026-10-11T14:20:00,28.24,7.37,6.9
2026-10-11T14:30:00,28.33,7.37,9.64
2026-10-11T14:40:00,28.19,7.34,7.51
2026-10-11T14:50:00,28.11,7.4,8.69
2026-10-11T15:00:00,28.28,7.31,7.91
2026-10-11T15:10:00,28.29,7.41,8.22
2026-10-11T15:20:00,28.23,7.37,7.79
2026-10-11T15:30:00,27.89,7.29,8.69
2026-10-11T15:40:00,27.98,7.41,7.72
2026-10-11T15:50:00,28.04,7.38,7.54
2026-10-11T16:00:00,28.18,7.34,9.45
2026-10-11T16:10:00,28.01,7.32,8.02
2026-10-11T16:20:00,28.14,7.3,7.46
2026-10-11T16:30:00,28.14,7.42,6.81
2026-10-11T16:40:00,28.08,7.32,9.49
2026-10-11T16:50:00,28.04,7.3,7.56
2026-10-11T17:00:00,27.65,7.35,9.65
2026-10-11T17:10:00,27.82,7.29,8.32
2026-10-11T17:20:00,27.61,7.31,8.11
2026-10-11T17:30:00,27.39,7.36,8.14
2026-10-11T17:40:00,27.51,7.35,9.77
2026-10-11T17:50:00,27.67,7.32,6.25
2026-10-11T18:00:00,27.47,7.32,8.17
2026-10-11T18:10:00,27.63,7.31,7.79
2026-10-11T18:20:00,27.25,7.31,7.83
2026-10-11T18:30:00,27.5,7.3,8.12
2026-10-11T18:40:00,27.07,7.3,7.79
2026-10-11T18:50:00,26.95,7.29,8.15
2026-10-11T19:00:00,26.65,7.28,7.98
2026-10-11T19:10:00,26.9,7.33,6.95
2026-10-11T19:20:00,26.56,7.32,8.31
2026-10-11T19:30:00,26.44,7.26,8.57
2026-10-11T19:40:00,26.64,7.25,7.57
2026-10-11T19:50:00,26.52,7.27,9.49
2026-10-11T20:00:00,26.4,7.33,9.07
2026-10-11T20:10:00,26.07,7.24,8.68
2026-10-11T20:20:00,26.01,7.26,8.67
2026-10-11T20:30:00,25.89,7.25,8.02
2026-10-11T20:40:00,25.89,7.24,8.91
2026-10-11T20:50:00,25.89,7.22,9.26
2026-10-11T21:00:00,25.6,7.26,8.65
2026-10-11T21:10:00,25.73,7.24,7.54
2026-10-11T21:20:00,25.47,7.25,7.97
2026-10-11T21:30:00,25.17,7.23,8.46
2026-10-11T21:40:00,25.22,7.23,8.67
2026-10-11T21:50:00,25.25,7.24,7.94
2026-10-11T22:00:00,25.19,7.23,7.55
2026-10-11T22:10:00,24.96,7.25,9.27
2026-10-11T22:20:00,24.67,7.21,7.14
2026-10-11T22:30:00,24.52,7.15,7.25
2026-10-11T22:40:00,24.54,7.19,6.94
2026-10-11T22:50:00,24.62,7.17,7.25
2026-10-11T23:00:00,24.31,7.2,9.0
2026-10-11T23:10:00,24.22,7.11,9.02
2026-10-11T23:20:00,24.09,7.15,7.94
2026-10-11T23:30:00,23.94,7.11,8.4
2026-10-11T23:40:00,23.88,7.14,7.99
2026-10-11T23:50:00,23.84,7.11,7.05
2026-10-12T00:00:00,24.0,7.12,9.77
2026-10-12T00:10:00,23.61,7.06,9.1
2026-10-12T00:20:00,23.56,7.12,8.28
2026-10-12T00:30:00,23.36,7.1,7.32
2026-10-12T00:40:00,23.53,7.09,7.82
2026-10-12T00:50:00,23.56,7.14,7.45
2026-10-12T01:00:00,23.53,7.07,8.08
2026-10-12T01:10:00,23.25,7.08,8.25
2026-10-12T01:20:00,23.25,7.07,7.73
2026-10-12T01:30:00,23.09,7.08,6.84
2026-10-12T01:40:00,23.16,7.13,9.71
2026-10-12T01:50:00,23.1,7.06,8.19
2026-10-12T02:00:00,23.03,7.04,8.37
2026-10-12T02:10:00,23.02,7.11,7.66
2026-10-12T02:20:00,23.06,7.05,6.75
2026-10-12T02:30:00,22.92,7.01,7.93
2026-10-12T02:40:00,22.92,7.03,7.74
2026-10-12T02:50:00,23.21,7.01,8.57
2026-10-12T03:00:00,23.37,6.99,8.72
2026-10-12T03:10:00,22.78,7.04,8.61
2026-10-12T03:20:00,22.77,7.05,8.79
2026-10-12T03:30:00,22.84,7.08,9.44
2026-10-12T03:40:00,22.99,7.06,8.31
2026-10-12T03:50:00,23.17,7.06,8.88
2026-10-12T04:00:00,23.14,7.01,8.4
2026-10-12T04:10:00,23.11,7.06,6.48
2026-10-12T04:20:00,23.2,7.08,7.88
2026-10-12T04:30:00,23.05,7.05,7.31
2026-10-12T04:40:00,23.16,7.05,8.19
2026-10-12T04:50:00,23.25,7.01,7.37
2026-10-12T05:00:00,23.06,7.08,8.48
2026-10-12T05:10:00,23.18,7.11,8.78
2026-10-12T05:20:00,23.28,7.06,8.96
2026-10-12T05:30:00,23.61,7.04,9.3
2026-10-12T05:40:00,23.6,7.06,6.66
2026-10-12T05:50:00,23.72,7.06,7.04
2026-10-12T06:00:00,23.43,7.06,10.34
2026-10-12T06:10:00,23.57,7.09,8.81
2026-10-12T06:20:00,23.98,7.08,8.18
2026-10-12T06:30:00,23.56,7.1,8.03
2026-10-12T06:40:00,24.25,7.09,7.95
2026-10-12T06:50:00,23.89,7.06,6.45
2026-10-12T07:00:00,24.36,7.07,7.38
2026-10-12T07:10:00,24.22,7.08,7.91
2026-10-12T07:20:00,24.61,7.09,7.43
2026-10-12T07:30:00,25.04,7.16,7.53
2026-10-12T07:40:00,24.31,7.17,10.05
2026-10-12T07:50:00,24.85,7.14,7.8
2026-10-12T08:00:00,24.58,7.12,8.22
2026-10-12T08:10:00,25.02,7.09,8.19
2026-10-12T08:20:00,25.04,7.14,8.47
2026-10-12T08:30:00,25.21,7.12,7.62
2026-10-12T08:40:00,25.14,7.2,9.0
2026-10-12T08:50:00,25.51,7.11,8.35
2026-10-12T09:00:00,25.29,7.17,6.97
2026-10-12T09:10:00,25.8,7.14,7.91
2026-10-12T09:20:00,25.64,7.17,7.86
2026-10-12T09:30:00,25.61,7.19,7.83
2026-10-12T09:40:00,26.14,7.21,8.41
2026-10-12T09:50:00,26.01,7.18,8.51
2026-10-12T10:00:00,26.39,7.22,8.41
2026-10-12T10:10:00,26.4,7.18,8.27
2026-10-12T10:20:00,26.19,7.22,8.07
2026-10-12T10:30:00,26.42,7.25,6.28
2026-10-12T10:40:00,26.54,7.24,8.62
2026-10-12T10:50:00,26.85,7.21,8.39
2026-10-12T11:00:00,26.77,7.23,7.21
2026-10-12T11:10:00,26.84,7.28,8.22
2026-10-12T11:20:00,26.88,7.22,8.52
2026-10-12T11:30:00,26.99,7.23,8.94
2026-10-12T11:40:00,27.27,7.29,8.41
2026-10-12T11:50:00,27.14,7.26,8.26
2026-10-12T12:00:00,27.17,7.24,8.76
2026-10-12T12:10:00,27.2,7.32,7.75
2026-10-12T12:20:00,27.28,7.25,8.33
2026-10-12T12:30:00,27.22,7.28,7.5
2026-10-12T12:40:00,27.41,7.28,8.89
2026-10-12T12:50:00,27.79,7.3,6.71
2026-10-12T13:00:00,27.59,7.28,8.65
2026-10-12T13:10:00,27.8,7.33,8.01
2026-10-12T13:20:00,27.38,7.32,8.77
2026-10-12T13:30:00,27.88,7.35,7.38
2026-10-12T13:40:00,27.81,7.3,8.07
2026-10-12T13:50:00,27.8,7.39,8.05
2026-10-12T14:00:00,27.93,7.27,8.35
2026-10-12T14:10:00,27.85,7.28,7.16
2026-10-12T14:20:00,27.62,7.38,8.51
2026-10-12T14:30:00,28.08,7.34,6.52
2026-10-12T14:40:00,27.99,7.34,7.47
2026-10-12T14:50:00,27.92,7.35,6.75
2026-10-12T15:00:00,27.82,7.35,8.66
2026-10-12T15:10:00,27.73,7.34,8.32
2026-10-12T15:20:00,27.99,7.31,8.36
2026-10-12T15:30:00,28.19,7.37,9.18
2026-10-12T15:40:00,27.95,7.36,7.75
2026-10-12T15:50:00,27.69,7.39,8.49
2026-10-12T16:00:00,27.89,7.4,8.05
2026-10-12T16:10:00,27.81,7.35,7.93
2026-10-12T16:20:00,27.9,7.31,9.05
2026-10-12T16:30:00,27.84,7.4,9.67
2026-10-12T16:40:00,27.25,7.32,7.65
2026-10-12T16:50:00,27.74,7.36,8.67
2026-10-12T17:00:00,27.45,7.34,8.26
2026-10-12T17:10:00,27.33,7.33,8.26
2026-10-12T17:20:00,27.45,7.37,8.2
2026-10-12T17:30:00,27.49,7.35,7.73
2026-10-12T17:40:00,27.11,7.35,5.13
2026-10-12T17:50:00,27.37,7.31,9.23
2026-10-12T18:00:00,27.29,7.33,7.44
2026-10-12T18:10:00,27.1,7.31,7.81
2026-10-12T18:20:00,26.87,7.32,7.82
2026-10-12T18:30:00,26.77,7.32,7.37
2026-10-12T18:40:00,26.98,7.37,8.19
2026-10-12T18:50:00,26.53,7.31,7.96
2026-10-12T19:00:00,26.8,7.25,7.43
2026-10-12T19:10:00,26.53,7.34,8.12
2026-10-12T19:20:00,26.43,7.31,7.97
2026-10-12T19:30:00,26.08,7.29,8.74
2026-10-12T19:40:00,26.21,7.28,6.93
2026-10-12T19:50:00,26.2,7.25,7.36
2026-10-12T20:00:00,25.81,7.33,8.58
2026-10-12T20:10:00,26.0,7.27,7.49
2026-10-12T20:20:00,25.82,7.21,7.28
2026-10-12T20:30:00,25.61,7.26,7.53
2026-10-12T20:40:00,25.73,7.29,7.92
2026-10-12T20:50:00,25.17,7.25,7.92
2026-10-12T21:00:00,25.43,7.21,7.83
2026-10-12T21:10:00,25.49,7.2,7.18
2026-10-12T21:20:00,25.36,7.19,8.62
2026-10-12T21:30:00,25.1,7.25,9.06
2026-10-12T21:40:00,24.87,7.19,6.47
2026-10-12T21:50:00,24.72,7.14,6.76
2026-10-12T22:00:00,24.66,7.19,8.8
2026-10-12T22:10:00,24.67,7.17,9.26
2026-10-12T22:20:00,24.37,7.15,6.3
2026-10-12T22:30:00,24.49,7.13,8.65
2026-10-12T22:40:00,24.61,7.12,9.31
2026-10-12T22:50:00,24.17,7.18,7.31
2026-10-12T23:00:00,23.87,7.14,9.26
2026-10-12T23:10:00,23.8,7.14,7.86
2026-10-12T23:20:00,24.04,7.13,8.25
2026-10-12T23:30:00,23.83,7.13,7.42
2026-10-12T23:40:00,23.87,7.1,8.8
2026-10-12T23:50:00,23.57,7.1,8.67
2026-10-13T00:00:00,23.7,7.14,9.38
2026-10-13T00:10:00,23.48,7.14,9.15
2026-10-13T00:20:00,23.32,7.06,7.99
2026-10-13T00:30:00,23.3,7.08,10.49
2026-10-13T00:40:00,23.11,7.1,9.08
2026-10-13T00:50:00,23.52,7.13,8.43
2026-10-13T01:00:00,23.14,7.13,7.2
2026-10-13T01:10:00,23.21,7.05,6.78
2026-10-13T01:20:00,22.97,7.11,6.84
2026-10-13T01:30:00,22.85,7.06,7.25
2026-10-13T01:40:00,22.92,7.09,9.1
2026-10-13T01:50:00,23.09,7.07,8.39
2026-10-13T02:00:00,22.81,7.01,7.51
2026-10-13T02:10:00,22.75,7.05,7.89
2026-10-13T02:20:00,22.88,7.07,7.79
2026-10-13T02:30:00,22.91,7.04,8.64
2026-10-13T02:40:00,23.07,7.03,7.3
2026-10-13T02:50:00,22.86,6.99,8.28
2026-10-13T03:00:00,22.9,7.05,8.24
2026-10-13T03:10:00,22.92,7.03,7.32
2026-10-13T03:20:00,22.64,7.0,9.27
2026-10-13T03:30:00,22.69,7.02,7.76
2026-10-13T03:40:00,22.68,7.04,7.21
2026-10-13T03:50:00,22.66,7.01,8.68
2026-10-13T04:00:00,22.99,7.03,8.04
2026-10-13T04:10:00,22.94,6.98,8.33
2026-10-13T04:20:00,22.96,7.07,7.05
2026-10-13T04:30:00,22.6,7.03,8.65
2026-10-13T04:40:00,23.36,7.0,9.74
2026-10-13T04:50:00,22.99,6.96,6.99
2026-10-13T05:00:00,23.47,7.07,8.28
2026-10-13T05:10:00,23.01,7.06,7.37
2026-10-13T05:20:00,23.15,7.05,10.15
2026-10-13T05:30:00,23.0,7.06,8.99
2026-10-13T05:40:00,23.45,7.07,8.23
2026-10-13T05:50:00,23.29,7.04,7.02
2026-10-13T06:00:00,23.36,7.03,7.21
2026-10-13T06:10:00,,,
2026-10-13T06:20:00,23.78,7.06,6.91
2026-10-13T06:30:00,23.86,7.1,6.94
2026-10-13T06:40:00,24.11,7.06,8.01
2026-10-13T06:50:00,23.85,7.11,8.11
2026-10-13T07:00:00,24.08,7.08,8.3
2026-10-13T07:10:00,23.95,7.09,7.65
2026-10-13T07:20:00,24.18,7.15,8.74
2026-10-13T07:30:00,24.26,7.14,7.31
2026-10-13T07:40:00,24.52,7.15,8.5
2026-10-13T07:50:00,24.71,7.07,8.17
2026-10-13T08:00:00,24.8,7.16,8.48
2026-10-13T08:10:00,24.63,7.1,8.95
2026-10-13T08:20:00,25.01,7.09,7.64
2026-10-13T08:30:00,24.97,7.05,7.47
2026-10-13T08:40:00,25.05,7.13,6.65
2026-10-13T08:50:00,25.1,7.09,6.38
2026-10-13T09:00:00,25.21,7.14,7.86
2026-10-13T09:10:00,25.65,7.1,7.91
2026-10-13T09:20:00,25.55,7.19,7.13
2026-10-13T09:30:00,25.65,7.16,7.3
2026-10-13T09:40:00,25.7,7.22,9.22
2026-10-13T09:50:00,26.2,7.12,8.7
2026-10-13T10:00:00,26.14,7.21,6.99
2026-10-13T10:10:00,25.95,7.12,7.65
2026-10-13T10:20:00,26.1,7.19,8.32
2026-10-13T10:30:00,26.22,7.17,7.5
2026-10-13T10:40:00,26.37,7.18,7.35
2026-10-13T10:50:00,26.34,7.19,7.73
2026-10-13T11:00:00,26.59,7.18,8.87
2026-10-13T11:10:00,26.83,7.17,8.95
2026-10-13T11:20:00,26.5,7.2,7.41
2026-10-13T11:30:00,26.62,7.22,8.37
2026-10-13T11:40:00,26.79,7.25,7.99
2026-10-13T11:50:00,26.88,7.23,7.19
2026-10-13T12:00:00,27.32,7.27,7.76
2026-10-13T12:10:00,27.25,7.2,6.99
2026-10-13T12:20:00,27.31,7.23,8.93
2026-10-13T12:30:00,27.19,7.26,9.24
2026-10-13T12:40:00,27.26,7.26,7.67
2026-10-13T12:50:00,27.12,7.23,7.48
2026-10-13T13:00:00,27.52,7.29,8.84
2026-10-13T13:10:00,27.53,7.24,8.97
2026-10-13T13:20:00,27.7,7.24,7.11
2026-10-13T13:30:00,27.53,7.29,7.88
2026-10-13T13:40:00,27.56,7.28,7.95
2026-10-13T13:50:00,27.62,7.26,7.38
2026-10-13T14:00:00,27.76,7.27,8.31
2026-10-13T14:10:00,27.43,7.25,7.44
2026-10-13T14:20:00,27.78,7.28,7.57
2026-10-13T14:30:00,27.68,7.32,7.92
2026-10-13T14:40:00,27.55,7.3,6.81
2026-10-13T14:50:00,27.41,7.32,6.35
2026-10-13T15:00:00,,,
2026-10-13T15:10:00,,,
2026-10-13T15:20:00,27.95,7.26,9.71
2026-10-13T15:30:00,27.74,7.28,9.58
2026-10-13T15:40:00,27.98,7.29,7.59
2026-10-13T15:50:00,27.67,7.29,9.87
2026-10-13T16:00:00,27.78,7.35,8.75
2026-10-13T16:10:00,27.55,7.35,7.48
2026-10-13T16:20:00,27.51,7.39,5.93
2026-10-13T16:30:00,27.46,7.3,8.55
2026-10-13T16:40:00,27.2,7.37,8.03
2026-10-13T16:50:00,27.65,7.37,8.35
2026-10-13T17:00:00,27.32,7.31,7.82
2026-10-13T17:10:00,27.24,7.33,7.08
2026-10-13T17:20:00,27.11,7.36,7.66
2026-10-13T17:30:00,27.2,7.32,8.57
2026-10-13T17:40:00,27.43,7.31,7.72
2026-10-13T17:50:00,27.41,7.29,7.71
2026-10-13T18:00:00,26.77,7.23,6.78
2026-10-13T18:10:00,26.89,7.31,8.07
2026-10-13T18:20:00,26.72,7.28,7.11
2026-10-13T18:30:00,26.93,7.27,8.73
2026-10-13T18:40:00,26.73,7.31,7.41
2026-10-13T18:50:00,26.5,7.25,7.76
2026-10-13T19:00:00,26.52,7.31,9.73
2026-10-13T19:10:00,26.33,7.3,7.75
2026-10-13T19:20:00,26.53,7.26,7.65
2026-10-13T19:30:00,26.25,7.27,8.47
2026-10-13T19:40:00,26.17,7.23,6.57
2026-10-13T19:50:00,25.55,7.29,9.0
2026-10-13T20:00:00,25.83,7.27,8.8
2026-10-13T20:10:00,26.06,7.27,8.42
2026-10-13T20:20:00,25.83,7.27,5.3
2026-10-13T20:30:00,25.25,7.23,7.79
2026-10-13T20:40:00,25.37,7.19,6.98
2026-10-13T20:50:00,25.13,7.26,8.9
2026-10-13T21:00:00,25.46,7.25,8.84
2026-10-13T21:10:00,25.13,7.2,8.31
2026-10-13T21:20:00,24.86,7.22,7.04
2026-10-13T21:30:00,24.89,7.24,9.2
2026-10-13T21:40:00,24.39,7.24,7.79
2026-10-13T21:50:00,24.49,7.18,9.44
2026-10-13T22:00:00,24.56,7.14,8.21
2026-10-13T22:10:00,24.57,7.14,8.41
2026-10-13T22:20:00,24.06,7.16,7.63
2026-10-13T22:30:00,24.2,7.21,9.13
2026-10-13T22:40:00,24.32,7.14,8.49
2026-10-13T22:50:00,23.85,7.14,9.15
2026-10-13T23:00:00,24.0,7.13,8.14
2026-10-13T23:10:00,23.89,7.13,7.96
2026-10-13T23:20:00,24.05,7.14,8.48
2026-10-13T23:30:00,23.67,7.1,9.15
2026-10-13T23:40:00,23.6,7.17,8.81
2026-10-13T23:50:00,23.67,7.13,8.11
2026-10-14T00:00:00,23.26,7.2,6.51
2026-10-14T00:10:00,23.33,7.08,8.65
2026-10-14T00:20:00,23.22,7.15,6.85
2026-10-14T00:30:00,23.18,7.14,8.03
2026-10-14T00:40:00,23.27,7.08,7.91
2026-10-14T00:50:00,23.18,7.08,6.87
2026-10-14T01:00:00,22.94,7.05,8.3
2026-10-14T01:10:00,23.01,7.05,9.72
2026-10-14T01:20:00,23.17,7.07,7.75
2026-10-14T01:30:00,22.79,7.07,8.61
2026-10-14T01:40:00,22.89,7.02,9.88
2026-10-14T01:50:00,22.81,7.13,8.69
2026-10-14T02:00:00,22.78,7.05,7.48
2026-10-14T02:10:00,22.52,7.06,8.19
2026-10-14T02:20:00,22.94,7.04,8.38
2026-10-14T02:30:00,22.6,7.04,9.15
2026-10-14T02:40:00,22.85,7.04,8.97
2026-10-14T02:50:00,22.6,7.04,5.78
2026-10-14T03:00:00,22.6,7.04,7.32
2026-10-14T03:10:00,22.87,7.06,7.94
2026-10-14T03:20:00,22.84,7.05,7.19
2026-10-14T03:30:00,22.71,7.06,5.04
2026-10-14T03:40:00,22.81,7.04,7.42
2026-10-14T03:50:00,22.66,7.05,8.0
2026-10-14T04:00:00,22.72,7.03,7.58
2026-10-14T04:10:00,22.65,7.07,7.2
2026-10-14T04:20:00,22.92,7.05,8.03
2026-10-14T04:30:00,22.71,7.03,8.27
2026-10-14T04:40:00,23.07,7.03,7.63
2026-10-14T04:50:00,22.86,7.03,9.1
2026-10-14T05:00:00,22.97,7.04,8.05
2026-10-14T05:10:00,23.14,7.04,7.3
2026-10-14T05:20:00,23.09,7.02,7.1
2026-10-14T05:30:00,23.1,7.06,7.83
2026-10-14T05:40:00,23.21,7.07,8.89
2026-10-14T05:50:00,23.42,7.1,7.34
2026-10-14T06:00:00,23.26,7.03,8.48
2026-10-14T06:10:00,23.42,7.07,8.08
2026-10-14T06:20:00,23.51,6.99,9.59
2026-10-14T06:30:00,23.73,7.08,8.31
2026-10-14T06:40:00,23.68,7.02,7.44
2026-10-14T06:50:00,24.03,7.04,8.59
2026-10-14T07:00:00,23.84,7.08,8.62
2026-10-14T07:10:00,23.89,7.06,7.68
2026-10-14T07:20:00,23.99,7.06,7.07
2026-10-14T07:30:00,23.93,7.07,8.43
2026-10-14T07:40:00,24.07,7.11,8.05
2026-10-14T07:50:00,24.24,7.06,6.79
2026-10-14T08:00:00,24.58,7.09,8.2
2026-10-14T08:10:00,24.52,7.09,7.49
2026-10-14T08:20:00,24.54,7.13,6.79
2026-10-14T08:30:00,24.92,7.14,7.72
2026-10-14T08:40:00,25.07,7.06,9.03
2026-10-14T08:50:00,25.13,7.15,8.97
2026-10-14T09:00:00,24.91,7.11,8.76
2026-10-14T09:10:00,25.07,7.14,8.22
2026-10-14T09:20:00,25.53,7.11,8.48
2026-10-14T09:30:00,25.41,7.16,8.08
2026-10-14T09:40:00,25.42,7.23,7.12
2026-10-14T09:50:00,25.68,7.17,7.28
2026-10-14T10:00:00,25.82,7.15,7.51
2026-10-14T10:10:00,25.7,7.17,9.12
2026-10-14T10:20:00,25.91,7.13,8.86
2026-10-14T10:30:00,26.13,7.23,7.14
2026-10-14T10:40:00,25.92,7.2,8.04
2026-10-14T10:50:00,26.18,7.17,7.68
2026-10-14T11:00:00,26.1,7.18,7.88
2026-10-14T11:10:00,26.2,7.21,7.57
2026-10-14T11:20:00,26.34,7.25,9.12
2026-10-14T11:30:00,26.59,7.2,7.98
2026-10-14T11:40:00,26.54,7.27,8.17
2026-10-14T11:50:00,26.55,7.24,8.18
2026-10-14T12:00:00,26.73,7.23,7.18
2026-10-14T12:10:00,26.61,7.25,8.09
2026-10-14T12:20:00,26.91,7.32,8.85
2026-10-14T12:30:00,27.08,7.23,9.18
2026-10-14T12:40:00,26.95,7.25,7.08
2026-10-14T12:50:00,27.01,7.3,6.79
2026-10-14T13:00:00,27.16,7.28,8.05
2026-10-14T13:10:00,26.85,7.26,8.89
2026-10-14T13:20:00,27.27,7.32,8.29
2026-10-14T13:30:00,27.69,7.33,8.54
2026-10-14T13:40:00,27.25,7.31,6.91
2026-10-14T13:50:00,27.27,7.28,7.54
2026-10-14T14:00:00,27.44,7.29,6.24
2026-10-14T14:10:00,27.59,7.31,7.89
2026-10-14T14:20:00,27.51,7.27,6.27
2026-10-14T14:30:00,27.05,7.35,9.07
2026-10-14T14:40:00,27.47,7.37,9.24
2026-10-14T14:50:00,27.77,7.31,8.11
2026-10-14T15:00:00,27.48,7.33,6.79
2026-10-14T15:10:00,27.21,7.36,8.3
2026-10-14T15:20:00,27.41,7.38,9.49
2026-10-14T15:30:00,27.17,7.37,8.38
2026-10-14T15:40:00,27.53,7.28,8.95
2026-10-14T15:50:00,27.18,7.32,7.61
2026-10-14T16:00:00,27.3,7.35,7.3
2026-10-14T16:10:00,27.14,7.32,7.94
2026-10-14T16:20:00,27.15,7.39,6.46
2026-10-14T16:30:00,27.41,7.38,9.81
2026-10-14T16:40:00,27.16,7.31,8.11
2026-10-14T16:50:00,27.03,7.32,8.69
2026-10-14T17:00:00,,,
2026-10-14T17:10:00,26.72,7.32,6.77
2026-10-14T17:20:00,26.73,7.32,9.14
2026-10-14T17:30:00,26.88,7.35,7.1
2026-10-14T17:40:00,26.95,7.29,8.28
2026-10-14T17:50:00,26.66,7.24,8.35
2026-10-14T18:00:00,26.9,7.27,8.06
2026-10-14T18:10:00,26.47,7.28,7.37
2026-10-14T18:20:00,26.46,7.29,7.88
2026-10-14T18:30:00,26.25,7.31,7.24
2026-10-14T18:40:00,26.47,7.27,8.65
2026-10-14T18:50:00,26.54,7.26,8.46
2026-10-14T19:00:00,25.87,7.27,7.98
2026-10-14T19:10:00,25.98,7.26,7.55
2026-10-14T19:20:00,26.11,7.27,9.69
2026-10-14T19:30:00,,,
2026-10-14T19:40:00,25.8,7.3,6.76
2026-10-14T19:50:00,25.8,7.24,7.93
2026-10-14T20:00:00,25.52,7.25,7.79
2026-10-14T20:10:00,25.5,7.25,8.88
2026-10-14T20:20:00,25.57,7.29,8.52
2026-10-14T20:30:00,25.5,7.25,8.02
2026-10-14T20:40:00,,,
2026-10-14T20:50:00,24.91,7.21,8.39
2026-10-14T21:00:00,24.74,7.24,9.68
2026-10-14T21:10:00,24.93,7.22,8.2
2026-10-14T21:20:00,24.47,7.19,7.46
2026-10-14T21:30:00,24.52,7.23,8.16
2026-10-14T21:40:00,24.47,7.27,5.91
2026-10-14T21:50:00,24.28,7.19,7.97
2026-10-14T22:00:00,24.27,7.2,8.87
2026-10-14T22:10:00,24.52,7.17,8.48
2026-10-14T22:20:00,24.02,7.16,8.24
2026-10-14T22:30:00,23.86,7.17,8.52
2026-10-14T22:40:00,23.99,7.17,8.88
2026-10-14T22:50:00,23.78,7.16,9.14
2026-10-14T23:00:00,23.85,7.15,8.36
2026-10-14T23:10:00,23.58,7.11,7.75
2026-10-14T23:20:00,23.44,7.13,6.15
2026-10-14T23:30:00,23.12,7.16,8.78
2026-10-14T23:40:00,23.07,7.1,8.41
2026-10-14T23:50:00,22.96,7.13,8.12
2026-10-15T00:00:00,23.21,7.14,7.45
2026-10-15T00:10:00,22.87,7.11,8.77
2026-10-15T00:20:00,23.2,7.14,7.79
2026-10-15T00:30:00,22.95,7.08,7.97
2026-10-15T00:40:00,22.84,7.15,7.96
2026-10-15T00:50:00,22.69,7.12,8.36
2026-10-15T01:00:00,22.85,7.11,7.08
2026-10-15T01:10:00,22.58,7.13,8.45
2026-10-15T01:20:00,22.49,7.08,7.42
2026-10-15T01:30:00,22.76,7.07,7.45
2026-10-15T01:40:00,22.6,7.12,8.71
2026-10-15T01:50:00,22.45,7.13,7.2
2026-10-15T02:00:00,22.56,7.06,8.71
2026-10-15T02:10:00,22.43,7.08,8.08
2026-10-15T02:20:00,22.48,7.11,6.68
2026-10-15T02:30:00,22.28,7.07,9.09
2026-10-15T02:40:00,22.71,7.08,8.25
2026-10-15T02:50:00,22.3,7.09,8.32
2026-10-15T03:00:00,22.62,7.04,8.81
2026-10-15T03:10:00,22.36,7.07,9.2
2026-10-15T03:20:00,22.52,7.05,8.16
2026-10-15T03:30:00,22.53,7.02,8.49
2026-10-15T03:40:00,22.6,7.03,8.3
2026-10-15T03:50:00,22.32,7.03,7.73
2026-10-15T04:00:00,22.64,7.08,6.73
2026-10-15T04:10:00,22.8,7.09,8.17
2026-10-15T04:20:00,22.54,7.08,9.1
2026-10-15T04:30:00,22.61,7.08,8.47
2026-10-15T04:40:00,22.56,7.07,7.15
2026-10-15T04:50:00,22.62,7.07,8.88
2026-10-15T05:00:00,22.99,7.07,7.75
2026-10-15T05:10:00,22.64,7.08,6.33
2026-10-15T05:20:00,22.72,7.02,8.81
2026-10-15T05:30:00,23.15,7.04,7.24
2026-10-15T05:40:00,23.08,7.04,9.42
2026-10-15T05:50:00,23.36,7.1,8.92
2026-10-15T06:00:00,23.07,7.12,7.82
2026-10-15T06:10:00,23.26,7.02,8.37
2026-10-15T06:20:00,23.23,7.13,9.94
2026-10-15T06:30:00,23.44,7.1,8.8
2026-10-15T06:40:00,23.23,7.13,8.19
2026-10-15T06:50:00,23.67,7.12,10.31
2026-10-15T07:00:00,23.71,7.15,8.09
2026-10-15T07:10:00,23.74,7.13,8.47
2026-10-15T07:20:00,23.77,7.08,7.25
2026-10-15T07:30:00,23.81,7.12,6.66
2026-10-15T07:40:00,24.16,7.14,7.77
2026-10-15T07:50:00,23.98,7.13,8.03
2026-10-15T08:00:00,24.33,7.17,8.26
2026-10-15T08:10:00,24.67,7.15,6.86
2026-10-15T08:20:00,24.7,7.13,8.53
2026-10-15T08:30:00,24.36,7.12,7.34
2026-10-15T08:40:00,24.62,7.15,8.49
2026-10-15T08:50:00,24.87,7.17,8.75
2026-10-15T09:00:00,24.9,7.11,7.68
2026-10-15T09:10:00,24.8,7.15,7.23
2026-10-15T09:20:00,25.15,7.13,9.23
2026-10-15T09:30:00,25.2,7.18,8.7
2026-10-15T09:40:00,25.6,7.24,8.12
2026-10-15T09:50:00,25.37,7.17,9.17
2026-10-15T10:00:00,25.69,7.24,8.07
2026-10-15T10:10:00,25.43,7.31,7.5
2026-10-15T10:20:00,25.54,7.27,7.2
2026-10-15T10:30:00,25.9,7.24,7.91
2026-10-15T10:40:00,26.06,7.27,8.62
2026-10-15T10:50:00,25.85,7.22,9.11
2026-10-15T11:00:00,26.08,7.22,8.02
2026-10-15T11:10:00,25.97,7.27,8.97
2026-10-15T11:20:00,26.25,7.28,7.83
2026-10-15T11:30:00,26.5,7.31,7.37
2026-10-15T11:40:00,26.39,7.27,6.95
2026-10-15T11:50:00,26.49,7.29,7.6
2026-10-15T12:00:00,26.44,7.3,6.99
2026-10-15T12:10:00,,,
2026-10-15T12:20:00,27.02,7.25,10.17
2026-10-15T12:30:00,26.84,7.2,10.52
2026-10-15T12:40:00,26.75,7.22,12.68
2026-10-15T12:50:00,26.92,7.21,10.9
2026-10-15T13:00:00,26.79,7.19,12.41
2026-10-15T13:10:00,26.93,7.21,14.64
2026-10-15T13:20:00,27.35,7.21,13.38
2026-10-15T13:30:00,27.16,7.18,15.87
2026-10-15T13:40:00,27.48,7.12,14.91
2026-10-15T13:50:00,27.24,7.14,15.65
2026-10-15T14:00:00,27.28,7.1,15.97
2026-10-15T14:10:00,27.39,7.13,15.16
2026-10-15T14:20:00,26.91,7.09,14.99
2026-10-15T14:30:00,27.36,7.15,15.48
2026-10-15T14:40:00,27.33,7.13,14.95
2026-10-15T14:50:00,,,
2026-10-15T15:00:00,27.5,7.12,16.0
2026-10-15T15:10:00,27.18,7.07,17.45
2026-10-15T15:20:00,27.52,7.06,16.66
2026-10-15T15:30:00,27.28,7.12,18.14
2026-10-15T15:40:00,27.17,7.06,14.57
2026-10-15T15:50:00,27.32,7.01,15.36
2026-10-15T16:00:00,27.24,7.08,16.07
2026-10-15T16:10:00,27.48,7.04,17.56
2026-10-15T16:20:00,27.27,7.09,16.27
2026-10-15T16:30:00,27.2,7.04,15.18
2026-10-15T16:40:00,27.27,7.03,16.14
2026-10-15T16:50:00,27.25,7.08,15.35
2026-10-15T17:00:00,27.15,6.98,15.16
2026-10-15T17:10:00,27.2,7.0,17.83
2026-10-15T17:20:00,27.02,6.99,15.9
2026-10-15T17:30:00,26.89,6.94,16.27
2026-10-15T17:40:00,26.97,7.03,16.0
2026-10-15T17:50:00,26.7,6.98,15.81
2026-10-15T18:00:00,26.65,7.02,15.28
2026-10-15T18:10:00,26.82,7.0,15.63
2026-10-15T18:20:00,26.75,7.0,16.08
2026-10-15T18:30:00,26.41,6.96,16.87
2026-10-15T18:40:00,26.26,6.95,16.42
2026-10-15T18:50:00,26.47,6.97,14.61
2026-10-15T19:00:00,26.28,6.99,16.29
2026-10-15T19:10:00,26.13,6.96,15.8
2026-10-15T19:20:00,25.94,6.94,14.84
2026-10-15T19:30:00,25.94,6.92,15.4
2026-10-15T19:40:00,25.78,6.95,15.63
2026-10-15T19:50:00,25.57,6.93,15.13
2026-10-15T20:00:00,25.59,6.93,15.39
2026-10-15T20:10:00,25.51,6.92,14.23
2026-10-15T20:20:00,25.31,6.91,16.43
2026-10-15T20:30:00,25.41,6.92,13.2
2026-10-15T20:40:00,25.36,6.92,15.12
2026-10-15T20:50:00,25.2,6.96,14.87
2026-10-15T21:00:00,24.93,6.92,15.0
2026-10-15T21:10:00,24.98,6.93,13.84
2026-10-15T21:20:00,24.76,6.85,15.26
2026-10-15T21:30:00,24.45,6.82,14.15
2026-10-15T21:40:00,24.62,6.85,13.2
2026-10-15T21:50:00,24.44,6.88,13.19
2026-10-15T22:00:00,24.7,7.21,8.1
2026-10-15T22:10:00,24.42,7.22,6.72
2026-10-15T22:20:00,24.21,7.1,9.44
2026-10-15T22:30:00,24.04,7.2,8.84
2026-10-15T22:40:00,23.92,7.17,9.46
2026-10-15T22:50:00,23.64,7.11,9.38
2026-10-15T23:00:00,23.44,7.18,7.72
2026-10-15T23:10:00,23.48,7.15,7.3
2026-10-15T23:20:00,23.51,7.15,5.86
2026-10-15T23:30:00,23.11,7.16,7.68
2026-10-15T23:40:00,23.27,7.13,9.41
2026-10-15T23:50:00,23.22,7.07,7.34
2026-10-16T00:00:00,23.14,7.11,7.83
2026-10-16T00:10:00,22.99,7.05,7.56
2026-10-16T00:20:00,22.98,7.12,8.3
2026-10-16T00:30:00,23.23,7.13,9.03
2026-10-16T00:40:00,23.01,7.05,6.77
2026-10-16T00:50:00,22.78,7.05,6.92
2026-10-16T01:00:00,22.82,7.04,9.19
2026-10-16T01:10:00,22.76,7.05,8.59
2026-10-16T01:20:00,22.59,7.07,7.79
2026-10-16T01:30:00,22.54,7.04,9.37
2026-10-16T01:40:00,22.76,7.07,6.91
2026-10-16T01:50:00,22.5,7.08,8.74
2026-10-16T02:00:00,22.37,7.07,7.95
2026-10-16T02:10:00,22.49,7.01,8.49
2026-10-16T02:20:00,22.49,7.09,6.09
2026-10-16T02:30:00,22.16,7.09,7.79
2026-10-16T02:40:00,22.45,7.08,8.59
2026-10-16T02:50:00,22.58,7.03,7.95
2026-10-16T03:00:00,22.52,7.01,9.0
2026-10-16T03:10:00,22.79,7.0,8.98
2026-10-16T03:20:00,22.67,7.0,7.23
2026-10-16T03:30:00,22.71,7.03,8.66
2026-10-16T03:40:00,22.91,7.06,7.21
2026-10-16T03:50:00,22.62,7.07,8.04
2026-10-16T04:00:00,22.54,7.02,8.52
2026-10-16T04:10:00,22.69,7.03,7.33
2026-10-16T04:20:00,22.49,7.04,8.63
2026-10-16T04:30:00,22.63,7.02,7.6
2026-10-16T04:40:00,22.58,7.06,7.54
2026-10-16T04:50:00,22.79,7.05,8.57
2026-10-16T05:00:00,22.69,7.05,7.33
2026-10-16T05:10:00,22.73,7.05,7.29
2026-10-16T05:20:00,22.95,7.06,8.83
2026-10-16T05:30:00,22.93,7.06,8.09
2026-10-16T05:40:00,22.73,7.01,6.84
2026-10-16T05:50:00,22.86,7.06,8.68
2026-10-16T06:00:00,22.98,7.05,7.67
2026-10-16T06:10:00,23.1,7.03,6.88
2026-10-16T06:20:00,23.37,7.06,5.99
2026-10-16T06:30:00,23.42,7.06,8.72
2026-10-16T06:40:00,23.63,7.09,7.31
2026-10-16T06:50:00,23.67,7.03,7.0
2026-10-16T07:00:00,23.81,7.11,8.51
2026-10-16T07:10:00,23.84,7.07,8.64
2026-10-16T07:20:00,23.89,7.06,7.37
2026-10-16T07:30:00,24.12,7.06,8.73
2026-10-16T07:40:00,24.19,7.04,9.64
2026-10-16T07:50:00,24.22,7.03,9.08
2026-10-16T08:00:00,24.46,7.11,8.95
2026-10-16T08:10:00,24.02,7.16,8.25
2026-10-16T08:20:00,24.45,7.06,7.65
2026-10-16T08:30:00,24.56,7.09,7.96
2026-10-16T08:40:00,24.9,7.15,8.35
2026-10-16T08:50:00,25.09,7.13,6.99
2026-10-16T09:00:00,24.74,7.16,7.38
2026-10-16T09:10:00,25.28,7.14,6.86
2026-10-16T09:20:00,25.0,7.13,8.19
2026-10-16T09:30:00,25.11,7.15,8.07
2026-10-16T09:40:00,25.35,7.09,7.48
2026-10-16T09:50:00,25.43,7.13,8.66
2026-10-16T10:00:00,25.35,7.2,7.16
2026-10-16T10:10:00,25.78,7.22,7.45
2026-10-16T10:20:00,,,
2026-10-16T10:30:00,26.03,7.21,8.74
2026-10-16T10:40:00,25.9,7.14,7.36
2026-10-16T10:50:00,26.06,7.19,8.19
2026-10-16T11:00:00,26.16,7.26,7.38
2026-10-16T11:10:00,26.51,7.27,7.84
2026-10-16T11:20:00,25.95,7.27,8.12
2026-10-16T11:30:00,26.32,7.22,8.45
2026-10-16T11:40:00,26.56,7.19,8.25
2026-10-16T11:50:00,26.46,7.23,8.22
2026-10-16T12:00:00,26.65,7.24,7.14
2026-10-16T12:10:00,26.76,7.29,8.31
2026-10-16T12:20:00,26.75,7.25,8.44
2026-10-16T12:30:00,26.91,7.25,8.55
2026-10-16T12:40:00,27.06,7.26,7.42
2026-10-16T12:50:00,26.99,7.28,8.73
2026-10-16T13:00:00,27.01,7.29,6.95
2026-10-16T13:10:00,27.1,7.25,7.66
2026-10-16T13:20:00,27.18,7.24,7.78
2026-10-16T13:30:00,26.96,7.32,6.99
2026-10-16T13:40:00,27.32,7.24,7.77
2026-10-16T13:50:00,27.22,7.34,8.18
2026-10-16T14:00:00,27.52,7.23,6.54
2026-10-16T14:10:00,27.43,7.28,7.68
2026-10-16T14:20:00,27.53,7.32,6.6
2026-10-16T14:30:00,27.21,7.29,9.63
2026-10-16T14:40:00,27.32,7.25,8.17
2026-10-16T14:50:00,27.2,7.31,8.1
2026-10-16T15:00:00,27.28,7.3,8.19
2026-10-16T15:10:00,27.57,7.29,8.48
2026-10-16T15:20:00,27.6,7.28,8.78
2026-10-16T15:30:00,27.17,7.31,6.75
2026-10-16T15:40:00,27.27,7.29,9.05
2026-10-16T15:50:00,27.29,7.39,9.0
2026-10-16T16:00:00,27.37,7.31,7.95
2026-10-16T16:10:00,26.99,7.3,7.91
2026-10-16T16:20:00,26.99,7.3,5.52
2026-10-16T16:30:00,27.27,7.36,7.0
2026-10-16T16:40:00,26.84,7.26,8.42
2026-10-16T16:50:00,27.0,7.32,8.96
2026-10-16T17:00:00,27.04,7.3,8.58
2026-10-16T17:10:00,27.02,7.26,7.94
2026-10-16T17:20:00,26.88,7.28,9.54
2026-10-16T17:30:00,26.79,7.31,8.8
2026-10-16T17:40:00,26.91,7.27,7.68
2026-10-16T17:50:00,26.76,7.3,9.75
2026-10-16T18:00:00,26.52,7.34,7.12
2026-10-16T18:10:00,26.54,7.29,6.82
2026-10-16T18:20:00,26.52,7.23,7.66
2026-10-16T18:30:00,26.62,7.25,7.39
2026-10-16T18:40:00,26.4,7.27,7.71
2026-10-16T18:50:00,26.38,7.26,8.64
2026-10-16T19:00:00,26.02,7.28,7.97
2026-10-16T19:10:00,25.9,7.27,7.99
2026-10-16T19:20:00,25.83,7.31,8.05
2026-10-16T19:30:00,25.77,7.26,6.15
2026-10-16T19:40:00,25.53,7.22,6.79
2026-10-16T19:50:00,25.75,7.28,7.69
2026-10-16T20:00:00,25.6,7.28,7.33
2026-10-16T20:10:00,25.31,7.25,7.81
2026-10-16T20:20:00,25.36,7.22,9.12
2026-10-16T20:30:00,25.19,7.24,7.94
2026-10-16T20:40:00,25.16,7.22,6.94
2026-10-16T20:50:00,24.75,7.16,7.37
2026-10-16T21:00:00,24.83,7.23,9.37
2026-10-16T21:10:00,24.75,7.23,9.23
2026-10-16T21:20:00,24.76,7.24,8.48
2026-10-16T21:30:00,24.44,7.17,6.75
2026-10-16T21:40:00,24.06,7.19,8.25
2026-10-16T21:50:00,24.18,7.19,8.31
2026-10-16T22:00:00,24.24,7.18,8.02
2026-10-16T22:10:00,24.15,7.17,7.54
2026-10-16T22:20:00,24.3,7.16,7.71
2026-10-16T22:30:00,24.04,7.15,7.49
2026-10-16T22:40:00,23.89,7.16,7.08
2026-10-16T22:50:00,23.77,7.17,9.09
2026-10-16T23:00:00,23.84,7.1,8.71
2026-10-16T23:10:00,23.49,7.12,7.77
2026-10-16T23:20:00,23.46,7.1,8.28
2026-10-16T23:30:00,23.22,7.1,8.31
2026-10-16T23:40:00,23.48,7.06,9.87
2026-10-16T23:50:00,23.24,7.1,8.7
2026-10-17T00:00:00,23.0,7.11,8.67
2026-10-17T00:10:00,23.01,7.08,8.03
2026-10-17T00:20:00,23.05,7.08,7.65
2026-10-17T00:30:00,22.87,7.09,9.11
2026-10-17T00:40:00,22.78,7.11,8.52
2026-10-17T00:50:00,22.7,7.05,7.34
2026-10-17T01:00:00,22.8,7.03,8.36
2026-10-17T01:10:00,22.65,7.05,8.67
2026-10-17T01:20:00,22.6,7.11,6.32
2026-10-17T01:30:00,22.42,7.02,7.26
2026-10-17T01:40:00,22.6,7.07,8.29
2026-10-17T01:50:00,22.53,7.08,6.46
2026-10-17T02:00:00,22.48,6.98,6.59
2026-10-17T02:10:00,22.53,7.06,7.78
2026-10-17T02:20:00,22.62,7.06,8.39
2026-10-17T02:30:00,22.59,7.03,8.43
2026-10-17T02:40:00,22.56,7.01,9.27
2026-10-17T02:50:00,22.45,7.01,8.07
2026-10-17T03:00:00,22.41,7.01,7.7
2026-10-17T03:10:00,22.34,7.01,6.95
2026-10-17T03:20:00,22.39,7.01,7.69
2026-10-17T03:30:00,22.5,7.02,8.57
2026-10-17T03:40:00,22.37,7.06,8.6
2026-10-17T03:50:00,22.54,6.99,8.21
2026-10-17T04:00:00,22.41,6.97,8.44
2026-10-17T04:10:00,22.34,7.06,9.02
2026-10-17T04:20:00,22.74,7.02,8.06
2026-10-17T04:30:00,22.57,7.01,9.09
2026-10-17T04:40:00,22.56,7.02,7.42
2026-10-17T04:50:00,22.57,7.03,7.94
2026-10-17T05:00:00,22.85,7.02,7.62
2026-10-17T05:10:00,23.05,7.06,8.63
2026-10-17T05:20:00,22.87,7.02,7.19
2026-10-17T05:30:00,22.97,7.04,7.74
2026-10-17T05:40:00,23.24,6.98,6.51
2026-10-17T05:50:00,22.89,7.08,8.48
2026-10-17T06:00:00,23.55,7.05,9.0
2026-10-17T06:10:00,23.7,7.08,8.73
2026-10-17T06:20:00,22.98,7.07,8.65
2026-10-17T06:30:00,23.46,7.08,8.67
2026-10-17T06:40:00,23.46,7.06,8.56
2026-10-17T06:50:00,23.61,7.08,8.49
2026-10-17T07:00:00,23.68,7.05,8.54
2026-10-17T07:10:00,23.95,7.05,7.48
2026-10-17T07:20:00,23.93,7.09,7.84
2026-10-17T07:30:00,23.91,7.07,8.06
2026-10-17T07:40:00,24.13,7.14,7.73
2026-10-17T07:50:00,24.35,7.12,6.75
2026-10-17T08:00:00,24.2,7.09,7.01
2026-10-17T08:10:00,24.23,7.11,8.18
2026-10-17T08:20:00,24.87,7.13,8.72
2026-10-17T08:30:00,24.57,7.13,8.01
2026-10-17T08:40:00,24.75,7.15,10.21
2026-10-17T08:50:00,24.82,7.16,7.26
2026-10-17T09:00:00,25.09,7.12,8.36
2026-10-17T09:10:00,25.4,7.11,9.03
2026-10-17T09:20:00,25.34,7.17,8.85
2026-10-17T09:30:00,25.13,7.2,8.52
2026-10-17T09:40:00,25.25,7.18,8.86
2026-10-17T09:50:00,25.51,7.24,8.04
2026-10-17T10:00:00,25.66,7.2,9.33
2026-10-17T10:10:00,25.56,7.25,9.03
2026-10-17T10:20:00,26.06,7.25,7.32
2026-10-17T10:30:00,25.87,7.25,8.26
2026-10-17T10:40:00,26.35,7.19,6.76
2026-10-17T10:50:00,26.5,7.23,9.22
2026-10-17T11:00:00,26.28,7.28,8.18
2026-10-17T11:10:00,26.47,7.26,9.08
2026-10-17T11:20:00,26.31,7.27,7.91
2026-10-17T11:30:00,26.69,7.21,6.51
2026-10-17T11:40:00,26.6,7.32,10.11
2026-10-17T11:50:00,26.57,7.25,8.1
2026-10-17T12:00:00,26.78,7.22,7.2
2026-10-17T12:10:00,26.82,7.27,8.92
2026-10-17T12:20:00,26.91,7.22,9.63
2026-10-17T12:30:00,27.17,7.27,7.84
2026-10-17T12:40:00,26.97,7.39,7.92
2026-10-17T12:50:00,27.42,7.3,8.19
2026-10-17T13:00:00,27.0,7.27,7.11
2026-10-17T13:10:00,27.49,7.33,7.45
2026-10-17T13:20:00,27.15,7.31,9.43
2026-10-17T13:30:00,27.34,7.36,7.89
2026-10-17T13:40:00,27.29,7.32,7.33
2026-10-17T13:50:00,,,
2026-10-17T14:00:00,27.57,7.32,8.86
2026-10-17T14:10:00,27.7,7.44,6.42
2026-10-17T14:20:00,27.65,7.38,8.2
2026-10-17T14:30:00,27.44,7.36,9.97
2026-10-17T14:40:00,27.52,7.36,9.62
2026-10-17T14:50:00,27.39,7.36,8.46
2026-10-17T15:00:00,27.35,7.36,9.05
2026-10-17T15:10:00,27.31,7.36,9.05
2026-10-17T15:20:00,27.41,7.44,7.9
2026-10-17T15:30:00,27.5,7.37,8.74
2026-10-17T15:40:00,27.15,7.32,9.43
2026-10-17T15:50:00,,,
2026-10-17T16:00:00,27.62,7.41,8.46
2026-10-17T16:10:00,27.54,7.38,8.29
2026-10-17T16:20:00,27.25,7.38,8.08
2026-10-17T16:30:00,27.08,7.42,8.01
2026-10-17T16:40:00,27.31,7.36,8.19
2026-10-17T16:50:00,26.82,7.4,8.25
2026-10-17T17:00:00,27.29,7.36,8.89
2026-10-17T17:10:00,27.03,7.4,8.38
2026-10-17T17:20:00,27.25,7.37,7.86
2026-10-17T17:30:00,26.65,7.37,7.33
2026-10-17T17:40:00,26.97,7.4,7.62
2026-10-17T17:50:00,26.76,7.39,8.21
2026-10-17T18:00:00,26.63,7.36,7.44
2026-10-17T18:10:00,26.38,7.35,8.76
2026-10-17T18:20:00,26.61,7.41,8.34
2026-10-17T18:30:00,26.55,7.38,8.91
2026-10-17T18:40:00,26.62,7.35,7.49
2026-10-17T18:50:00,26.41,7.34,7.34
2026-10-17T19:00:00,26.08,7.38,8.91
2026-10-17T19:10:00,25.9,7.35,8.1
2026-10-17T19:20:00,25.73,7.34,7.84
2026-10-17T19:30:00,26.05,7.34,8.56
2026-10-17T19:40:00,25.63,7.35,8.53
2026-10-17T19:50:00,25.86,7.33,7.0
2026-10-17T20:00:00,25.61,7.36,9.11
2026-10-17T20:10:00,25.49,7.36,7.67
2026-10-17T20:20:00,25.31,7.33,9.36
2026-10-17T20:30:00,25.34,7.35,6.93
2026-10-17T20:40:00,25.13,7.31,8.25
2026-10-17T20:50:00,24.98,7.32,7.85
2026-10-17T21:00:00,25.02,7.33,6.42
2026-10-17T21:10:00,24.79,7.32,8.53
2026-10-17T21:20:00,24.58,7.31,6.46
2026-10-17T21:30:00,24.68,7.3,7.77
2026-10-17T21:40:00,24.47,7.33,8.88
2026-10-17T21:50:00,24.44,7.24,7.58
2026-10-17T22:00:00,24.18,7.26,7.28
2026-10-17T22:10:00,23.96,7.25,8.64
2026-10-17T22:20:00,24.31,7.24,7.8
2026-10-17T22:30:00,24.18,7.19,7.68
2026-10-17T22:40:00,23.98,7.28,9.02
2026-10-17T22:50:00,23.7,7.2,7.07
2026-10-17T23:00:00,23.61,7.23,7.63
2026-10-17T23:10:00,23.77,7.18,8.69
2026-10-17T23:20:00,,,
2026-10-17T23:30:00,23.33,7.19,9.42
2026-10-17T23:40:00,23.61,7.17,7.83
2026-10-17T23:50:00,23.24,7.2,8.7
2026-10-18T00:00:00,23.44,7.17,8.7
2026-10-18T00:10:00,22.9,7.17,7.88
2026-10-18T00:20:00,23.11,7.18,7.62
2026-10-18T00:30:00,23.27,7.2,7.97
2026-10-18T00:40:00,22.9,7.14,8.57
2026-10-18T00:50:00,22.79,7.13,7.21
2026-10-18T01:00:00,22.59,7.15,7.04
2026-10-18T01:10:00,22.88,7.16,9.19
2026-10-18T01:20:00,22.56,7.19,7.41
2026-10-18T01:30:00,22.62,7.11,8.28
2026-10-18T01:40:00,22.39,7.14,7.84
2026-10-18T01:50:00,22.75,7.18,7.87
2026-10-18T02:00:00,22.65,7.2,9.14
2026-10-18T02:10:00,22.43,7.11,7.93
2026-10-18T02:20:00,22.24,7.11,7.71
2026-10-18T02:30:00,22.61,7.15,7.78
2026-10-18T02:40:00,22.31,7.12,7.6
2026-10-18T02:50:00,22.18,7.11,7.46
2026-10-18T03:00:00,22.08,7.14,7.6
2026-10-18T03:10:00,22.26,7.18,9.33
2026-10-18T03:20:00,,,
2026-10-18T03:30:00,22.29,7.18,7.72
2026-10-18T03:40:00,22.51,7.12,8.79
2026-10-18T03:50:00,22.36,7.15,6.73
2026-10-18T04:00:00,22.5,7.18,9.1
2026-10-18T04:10:00,22.37,7.14,9.04
2026-10-18T04:20:00,22.52,7.12,9.79
2026-10-18T04:30:00,22.83,7.15,8.81
2026-10-18T04:40:00,22.52,7.13,8.35
2026-10-18T04:50:00,22.68,7.15,9.03
2026-10-18T05:00:00,22.44,7.13,7.5
2026-10-18T05:10:00,22.96,7.16,7.68
2026-10-18T05:20:00,22.74,7.09,7.95
2026-10-18T05:30:00,23.03,7.11,9.1
2026-10-18T05:40:00,22.92,7.1,7.32
2026-10-18T05:50:00,23.1,7.14,7.23
2026-10-18T06:00:00,23.18,7.1,8.19
2026-10-18T06:10:00,23.09,7.13,8.57
2026-10-18T06:20:00,23.41,7.12,7.44
2026-10-18T06:30:00,23.22,7.2,8.54
2026-10-18T06:40:00,23.56,7.13,9.09
2026-10-18T06:50:00,23.47,7.12,8.96
2026-10-18T07:00:00,23.68,7.17,8.28
2026-10-18T07:10:00,23.65,7.21,7.93
2026-10-18T07:20:00,23.83,7.16,9.39
2026-10-18T07:30:00,23.76,7.16,8.01
2026-10-18T07:40:00,24.07,7.21,8.75
2026-10-18T07:50:00,24.16,7.21,9.57
2026-10-18T08:00:00,24.18,7.19,8.67
2026-10-18T08:10:00,24.34,7.17,7.2
2026-10-18T08:20:00,24.47,7.21,7.01
2026-10-18T08:30:00,24.47,7.16,7.76
2026-10-18T08:40:00,24.66,7.19,8.57
2026-10-18T08:50:00,24.64,7.26,8.36
2026-10-18T09:00:00,25.26,7.26,9.77
2026-10-18T09:10:00,25.18,7.25,8.35
2026-10-18T09:20:00,25.19,7.18,7.74
2026-10-18T09:30:00,25.44,7.21,7.09
2026-10-18T09:40:00,25.09,7.23,8.94
2026-10-18T09:50:00,25.11,7.25,8.0
2026-10-18T10:00:00,25.55,7.22,6.8
2026-10-18T10:10:00,25.51,7.25,8.02
2026-10-18T10:20:00,25.77,7.32,7.2
2026-10-18T10:30:00,25.96,7.29,7.66
2026-10-18T10:40:00,26.17,7.29,8.0
2026-10-18T10:50:00,25.97,7.26,7.28
2026-10-18T11:00:00,26.29,7.24,7.61
2026-10-18T11:10:00,26.32,7.26,7.4
2026-10-18T11:20:00,26.46,7.25,7.43
2026-10-18T11:30:00,26.44,7.3,7.19
2026-10-18T11:40:00,26.81,7.33,7.61
2026-10-18T11:50:00,26.65,7.29,7.28
2026-10-18T12:00:00,27.01,7.33,8.47
2026-10-18T12:10:00,26.72,7.39,8.16
2026-10-18T12:20:00,27.02,7.41,8.96
2026-10-18T12:30:00,26.95,7.38,9.51
2026-10-18T12:40:00,-127.0,7.35,8.54
2026-10-18T12:50:00,27.21,7.38,8.36
2026-10-18T13:00:00,27.12,7.4,8.59
2026-10-18T13:10:00,26.82,7.31,8.37
2026-10-18T13:20:00,26.81,7.41,8.04
2026-10-18T13:30:00,27.5,7.36,7.98
2026-10-18T13:40:00,27.55,7.36,7.18
2026-10-18T13:50:00,27.69,7.37,8.67
2026-10-18T14:00:00,27.43,7.4,7.97
2026-10-18T14:10:00,27.27,7.36,9.16
2026-10-18T14:20:00,27.42,7.38,8.73
2026-10-18T14:30:00,27.51,7.41,7.5
2026-10-18T14:40:00,27.36,7.4,9.0
2026-10-18T14:50:00,27.75,7.41,5.95
2026-10-18T15:00:00,27.85,7.39,9.54
2026-10-18T15:10:00,27.59,7.43,6.93
2026-10-18T15:20:00,27.51,7.44,8.4
2026-10-18T15:30:00,27.31,7.43,8.34
2026-10-18T15:40:00,27.72,7.42,8.9
2026-10-18T15:50:00,27.49,7.43,7.74
2026-10-18T16:00:00,27.4,7.43,6.28
2026-10-18T16:10:00,27.48,7.48,7.74
2026-10-18T16:20:00,27.29,7.44,7.82
2026-10-18T16:30:00,27.38,7.4,6.36
2026-10-18T16:40:00,27.08,7.37,8.04
2026-10-18T16:50:00,27.41,7.39,7.14
2026-10-18T17:00:00,27.17,7.38,8.52
2026-10-18T17:10:00,27.3,7.4,7.8
2026-10-18T17:20:00,27.03,7.36,9.57
2026-10-18T17:30:00,26.95,7.42,7.8
2026-10-18T17:40:00,26.73,7.34,8.34
2026-10-18T17:50:00,26.95,7.32,7.83
2026-10-18T18:00:00,26.61,7.36,6.7
2026-10-18T18:10:00,26.59,7.34,7.84
2026-10-18T18:20:00,26.6,7.32,8.6
2026-10-18T18:30:00,26.55,7.34,8.48
2026-10-18T18:40:00,26.19,7.33,7.77
2026-10-18T18:50:00,26.32,7.34,6.83
2026-10-18T19:00:00,26.39,7.32,8.52
2026-10-18T19:10:00,26.14,7.31,8.34
2026-10-18T19:20:00,26.07,7.32,8.67
2026-10-18T19:30:00,26.02,7.35,7.78
2026-10-18T19:40:00,25.88,7.35,6.65
2026-10-18T19:50:00,25.65,7.31,8.43
2026-10-18T20:00:00,25.67,7.31,7.99
2026-10-18T20:10:00,25.73,7.3,9.11
2026-10-18T20:20:00,25.33,7.31,8.02
2026-10-18T20:30:00,25.33,7.3,7.96
2026-10-18T20:40:00,25.09,7.33,8.33
2026-10-18T20:50:00,25.33,7.23,7.52
2026-10-18T21:00:00,25.07,7.27,7.48
2026-10-18T21:10:00,24.85,7.27,7.92
2026-10-18T21:20:00,24.87,7.26,7.26
2026-10-18T21:30:00,24.56,7.23,7.82
2026-10-18T21:40:00,24.49,7.21,9.55
2026-10-18T21:50:00,24.33,7.27,8.83
2026-10-18T22:00:00,24.28,7.21,8.25
2026-10-18T22:10:00,24.54,7.18,9.24
2026-10-18T22:20:00,24.13,7.25,7.34
2026-10-18T22:30:00,24.21,7.22,9.99
2026-10-18T22:40:00,23.92,7.21,7.63
2026-10-18T22:50:00,24.07,7.18,9.6
2026-10-18T23:00:00,23.71,7.2,9.6
2026-10-18T23:10:00,23.79,7.23,6.6
2026-10-18T23:20:00,23.7,7.14,9.17
2026-10-18T23:30:00,23.96,7.13,7.77
2026-10-18T23:40:00,23.61,7.15,7.55
2026-10-18T23:50:00,23.37,7.16,8.42
2026-10-19T00:00:00,,,
2026-10-19T00:10:00,23.64,7.16,8.4
2026-10-19T00:20:00,22.98,7.17,7.25
2026-10-19T00:30:00,23.03,7.14,8.14
2026-10-19T00:40:00,23.06,7.14,9.07
2026-10-19T00:50:00,22.98,7.13,8.31
2026-10-19T01:00:00,22.92,7.11,7.71
2026-10-19T01:10:00,22.73,7.06,8.43
2026-10-19T01:20:00,23.08,7.07,6.87
2026-10-19T01:30:00,22.63,7.05,7.33
2026-10-19T01:40:00,22.77,7.08,7.66
2026-10-19T01:50:00,22.92,7.09,8.63
2026-10-19T02:00:00,22.74,7.03,8.32
2026-10-19T02:10:00,22.57,7.07,8.43
2026-10-19T02:20:00,22.48,7.04,7.98
2026-10-19T02:30:00,22.63,7.03,7.37
2026-10-19T02:40:00,22.55,7.04,9.19
2026-10-19T02:50:00,22.67,7.02,7.44
2026-10-19T03:00:00,22.41,7.07,8.34
2026-10-19T03:10:00,22.75,7.05,7.91
2026-10-19T03:20:00,22.65,7.08,8.45
2026-10-19T03:30:00,22.67,7.04,7.52
2026-10-19T03:40:00,22.85,7.04,8.84
2026-10-19T03:50:00,22.59,7.11,9.1
2026-10-19T04:00:00,22.57,7.0,8.79
2026-10-19T04:10:00,22.64,7.09,8.13
2026-10-19T04:20:00,22.72,7.1,7.65
2026-10-19T04:30:00,22.79,7.08,10.26
2026-10-19T04:40:00,22.71,7.04,7.21
2026-10-19T04:50:00,22.58,7.1,8.7
2026-10-19T05:00:00,22.86,7.05,8.27
2026-10-19T05:10:00,,,
2026-10-19T05:20:00,23.08,7.05,8.15
2026-10-19T05:30:00,23.3,7.05,7.59
2026-10-19T05:40:00,23.5,7.04,8.34
2026-10-19T05:50:00,23.41,7.1,8.25
2026-10-19T06:00:00,23.57,7.04,10.14
2026-10-19T06:10:00,23.55,7.07,8.86
2026-10-19T06:20:00,23.78,7.03,8.41
2026-10-19T06:30:00,23.87,7.08,8.46
2026-10-19T06:40:00,23.83,7.05,9.47
2026-10-19T06:50:00,23.88,7.05,7.22
2026-10-19T07:00:00,23.85,7.09,7.85
2026-10-19T07:10:00,23.98,7.13,6.47
2026-10-19T07:20:00,24.03,7.12,8.45
2026-10-19T07:30:00,24.27,7.13,8.68
2026-10-19T07:40:00,24.18,7.12,7.2
2026-10-19T07:50:00,24.36,7.12,9.15
2026-10-19T08:00:00,24.14,7.16,7.42
2026-10-19T08:10:00,24.86,7.12,7.73
2026-10-19T08:20:00,24.67,7.17,8.1
2026-10-19T08:30:00,24.86,7.19,9.28
2026-10-19T08:40:00,25.14,7.13,7.31
2026-10-19T08:50:00,25.07,7.14,8.23
2026-10-19T09:00:00,25.37,7.15,8.62
2026-10-19T09:10:00,25.07,7.13,8.45
2026-10-19T09:20:00,25.73,7.17,8.48
2026-10-19T09:30:00,25.66,7.23,8.61
2026-10-19T09:40:00,25.63,7.17,7.56
2026-10-19T09:50:00,25.9,7.24,9.35
2026-10-19T10:00:00,25.63,7.19,7.91
2026-10-19T10:10:00,25.86,7.27,7.8
2026-10-19T10:20:00,26.22,7.2,9.08
2026-10-19T10:30:00,25.82,7.22,7.5
2026-10-19T10:40:00,26.29,7.2,8.26
2026-10-19T10:50:00,26.37,7.22,7.42
2026-10-19T11:00:00,26.68,7.28,10.02
2026-10-19T11:10:00,26.24,7.26,9.85
2026-10-19T11:20:00,26.8,7.29,7.91
2026-10-19T11:30:00,26.56,7.23,8.42
2026-10-19T11:40:00,26.66,7.29,8.0
2026-10-19T11:50:00,26.61,7.24,7.72
2026-10-19T12:00:00,26.7,7.23,8.1
2026-10-19T12:10:00,27.0,7.29,7.97
2026-10-19T12:20:00,26.85,7.29,6.78
2026-10-19T12:30:00,27.19,7.29,8.21
2026-10-19T12:40:00,27.04,7.31,7.97
2026-10-19T12:50:00,27.01,7.32,8.25
2026-10-19T13:00:00,27.18,7.35,7.94
2026-10-19T13:10:00,27.38,7.27,7.71
2026-10-19T13:20:00,27.33,7.36,8.7
2026-10-19T13:30:00,27.42,7.37,8.43
2026-10-19T13:40:00,27.56,7.31,9.12
2026-10-19T13:50:00,27.66,7.27,8.4
2026-10-19T14:00:00,27.49,7.27,7.84
2026-10-19T14:10:00,27.41,7.3,8.49
2026-10-19T14:20:00,27.59,7.38,6.42
2026-10-19T14:30:00,27.67,7.33,9.68
2026-10-19T14:40:00,27.4,7.3,8.22
2026-10-19T14:50:00,27.49,7.3,9.75
2026-10-19T15:00:00,27.53,7.28,7.3
2026-10-19T15:10:00,27.6,7.36,7.11
2026-10-19T15:20:00,27.49,7.33,8.29
2026-10-19T15:30:00,27.7,7.4,8.29
2026-10-19T15:40:00,27.32,7.35,8.27
2026-10-19T15:50:00,27.3,7.36,8.15
2026-10-19T16:00:00,27.47,7.33,7.5
2026-10-19T16:10:00,27.45,7.3,6.81
2026-10-19T16:20:00,27.21,7.31,8.23
2026-10-19T16:30:00,27.29,7.29,6.97
2026-10-19T16:40:00,27.27,7.36,6.9
2026-10-19T16:50:00,27.22,7.32,7.7
2026-10-19T17:00:00,27.27,7.36,8.34
2026-10-19T17:10:00,27.1,7.32,9.59
2026-10-19T17:20:00,27.36,7.31,8.78
2026-10-19T17:30:00,27.15,7.28,9.15
2026-10-19T17:40:00,26.89,7.32,8.52
2026-10-19T17:50:00,26.95,7.3,8.29
2026-10-19T18:00:00,26.88,7.33,10.0
2026-10-19T18:10:00,26.96,7.28,6.94
2026-10-19T18:20:00,26.61,7.31,7.67
2026-10-19T18:30:00,26.74,7.34,7.73
2026-10-19T18:40:00,26.55,7.3,8.71
2026-10-19T18:50:00,26.67,7.31,7.22
2026-10-19T19:00:00,26.55,7.29,8.61
2026-10-19T19:10:00,26.27,7.33,8.46
2026-10-19T19:20:00,26.1,7.28,8.65
2026-10-19T19:30:00,26.12,7.28,8.64
2026-10-19T19:40:00,25.91,7.26,9.23
2026-10-19T19:50:00,26.09,7.23,7.96
2026-10-19T20:00:00,25.75,7.21,8.42
2026-10-19T20:10:00,25.56,7.28,7.41
2026-10-19T20:20:00,25.44,7.21,7.23
2026-10-19T20:30:00,25.22,7.25,9.41
2026-10-19T20:40:00,25.38,7.24,7.35
2026-10-19T20:50:00,25.07,7.25,8.51
2026-10-19T21:00:00,25.26,7.2,8.42
2026-10-19T21:10:00,24.78,7.17,8.94
2026-10-19T21:20:00,24.88,7.2,6.67
2026-10-19T21:30:00,24.94,7.18,8.71
2026-10-19T21:40:00,24.32,7.14,7.95
2026-10-19T21:50:00,24.84,7.23,7.52
2026-10-19T22:00:00,24.36,7.13,7.8
2026-10-19T22:10:00,24.34,7.12,8.83
2026-10-19T22:20:00,24.29,7.13,8.58
2026-10-19T22:30:00,24.21,7.17,7.9
2026-10-19T22:40:00,24.06,7.06,7.09
2026-10-19T22:50:00,24.06,7.15,7.15
2026-10-19T23:00:00,23.88,7.08,8.6
2026-10-19T23:10:00,23.96,7.11,6.98
2026-10-19T23:20:00,23.7,7.07,7.91
2026-10-19T23:30:00,23.83,7.15,10.14
2026-10-19T23:40:00,23.58,7.08,8.37
2026-10-19T23:50:00,23.09,7.05,8.59
2026-10-20T00:00:00,23.66,7.05,7.15
2026-10-20T00:10:00,23.11,7.06,7.02
2026-10-20T00:20:00,23.37,7.05,8.64
2026-10-20T00:30:00,23.1,7.06,7.77
2026-10-20T00:40:00,23.18,7.04,8.94
2026-10-20T00:50:00,22.86,7.0,8.11
2026-10-20T01:00:00,22.99,7.02,10.85
2026-10-20T01:10:00,22.79,7.05,7.62
2026-10-20T01:20:00,23.03,7.0,8.31
2026-10-20T01:30:00,22.82,7.04,7.36
2026-10-20T01:40:00,22.87,7.02,8.91
2026-10-20T01:50:00,22.37,7.0,8.43
2026-10-20T02:00:00,22.65,7.05,7.31
2026-10-20T02:10:00,22.7,6.95,7.83
2026-10-20T02:20:00,22.66,6.98,9.18
2026-10-20T02:30:00,22.75,7.03,9.08
2026-10-20T02:40:00,22.52,7.05,6.95
2026-10-20T02:50:00,22.58,7.06,7.71
2026-10-20T03:00:00,22.75,6.99,9.54
2026-10-20T03:10:00,22.22,7.0,7.95
2026-10-20T03:20:00,22.67,7.01,8.23
2026-10-20T03:30:00,22.55,7.02,8.9
2026-10-20T03:40:00,22.48,6.99,7.01
2026-10-20T03:50:00,22.7,7.01,7.33
2026-10-20T04:00:00,22.85,6.99,7.82
2026-10-20T04:10:00,22.84,6.99,9.04
2026-10-20T04:20:00,22.69,6.95,8.9
2026-10-20T04:30:00,22.89,6.97,8.66
2026-10-20T04:40:00,22.93,6.97,7.97
2026-10-20T04:50:00,22.83,6.95,8.98
2026-10-20T05:00:00,22.77,6.93,7.96
2026-10-20T05:10:00,22.85,6.96,8.54
2026-10-20T05:20:00,23.14,6.97,8.81
2026-10-20T05:30:00,23.08,6.99,9.44
2026-10-20T05:40:00,23.01,7.0,8.03
2026-10-20T05:50:00,22.99,6.99,7.79
2026-10-20T06:00:00,23.44,6.98,9.12
2026-10-20T06:10:00,23.31,6.96,9.18
2026-10-20T06:20:00,23.52,7.02,7.65
2026-10-20T06:30:00,23.77,6.99,7.2
2026-10-20T06:40:00,23.48,6.98,9.06
2026-10-20T06:50:00,23.76,6.99,6.77
2026-10-20T07:00:00,23.84,6.98,6.73
2026-10-20T07:10:00,24.0,6.99,7.87
2026-10-20T07:20:00,24.25,7.0,8.08
2026-10-20T07:30:00,23.95,7.01,7.15
2026-10-20T07:40:00,24.35,7.05,8.18
2026-10-20T07:50:00,24.53,7.04,8.21
2026-10-20T08:00:00,24.46,7.08,7.62
2026-10-20T08:10:00,24.57,7.08,9.63
2026-10-20T08:20:00,24.76,7.11,8.34
2026-10-20T08:30:00,24.86,7.07,8.9
2026-10-20T08:40:00,24.99,7.08,6.84
2026-10-20T08:50:00,25.1,7.05,6.83
2026-10-20T09:00:00,22.99,7.25,28.37
2026-10-20T09:10:00,23.55,7.21,27.88
2026-10-20T09:20:00,23.83,7.19,24.12
2026-10-20T09:30:00,23.92,7.24,23.69
2026-10-20T09:40:00,23.91,7.18,21.34
2026-10-20T09:50:00,24.34,7.21,20.61
2026-10-20T10:00:00,24.61,7.18,20.29
2026-10-20T10:10:00,24.61,7.22,18.77
2026-10-20T10:20:00,24.92,7.23,17.22
2026-10-20T10:30:00,24.94,7.21,16.38
2026-10-20T10:40:00,25.42,7.23,15.18
2026-10-20T10:50:00,25.53,7.2,16.38
2026-10-20T11:00:00,25.42,7.25,15.84
2026-10-20T11:10:00,25.87,7.22,15.24
2026-10-20T11:20:00,25.94,7.18,13.5
2026-10-20T11:30:00,26.17,7.21,14.53
2026-10-20T11:40:00,26.18,7.21,13.84
2026-10-20T11:50:00,26.22,7.2,12.86
2026-10-20T12:00:00,26.35,7.16,12.34
2026-10-20T12:10:00,26.48,7.22,11.59
2026-10-20T12:20:00,26.66,7.18,11.93
2026-10-20T12:30:00,26.78,7.15,12.77
2026-10-20T12:40:00,26.81,7.21,12.11
2026-10-20T12:50:00,26.86,7.2,10.74
2026-10-20T13:00:00,26.95,7.2,11.14
2026-10-20T13:10:00,27.45,7.14,9.61
2026-10-20T13:20:00,27.01,7.21,10.88
2026-10-20T13:30:00,27.11,7.23,9.44
2026-10-20T13:40:00,27.75,7.23,10.49
2026-10-20T13:50:00,27.38,7.26,12.16
2026-10-20T14:00:00,27.14,7.28,9.19
2026-10-20T14:10:00,27.51,7.26,11.85
2026-10-20T14:20:00,27.29,7.28,9.78
2026-10-20T14:30:00,27.58,7.28,8.68
2026-10-20T14:40:00,27.44,7.22,8.54
2026-10-20T14:50:00,27.42,7.26,10.97
2026-10-20T15:00:00,27.85,7.27,8.39
2026-10-20T15:10:00,27.71,7.22,7.55
2026-10-20T15:20:00,27.75,7.21,7.84
2026-10-20T15:30:00,27.68,7.25,8.34
2026-10-20T15:40:00,27.53,7.18,7.99
2026-10-20T15:50:00,27.67,7.2,8.28
2026-10-20T16:00:00,27.75,7.21,9.42
2026-10-20T16:10:00,27.55,7.25,7.1
2026-10-20T16:20:00,27.77,7.24,8.52
2026-10-20T16:30:00,27.58,7.26,7.94
2026-10-20T16:40:00,27.45,7.21,7.6
2026-10-20T16:50:00,27.41,7.2,8.86
2026-10-20T17:00:00,27.35,7.25,6.83
2026-10-20T17:10:00,27.09,7.21,6.11
2026-10-20T17:20:00,27.2,7.22,8.18
2026-10-20T17:30:00,27.19,7.18,7.89
2026-10-20T17:40:00,27.03,7.24,6.92
2026-10-20T17:50:00,27.08,7.27,6.63
2026-10-20T18:00:00,26.95,7.19,9.54
2026-10-20T18:10:00,26.98,7.25,8.37
2026-10-20T18:20:00,26.87,7.21,8.02
2026-10-20T18:30:00,26.71,7.15,9.76
2026-10-20T18:40:00,26.4,7.18,8.82
2026-10-20T18:50:00,26.79,7.17,9.42
2026-10-20T19:00:00,26.4,7.19,7.06
2026-10-20T19:10:00,26.33,7.21,7.03
2026-10-20T19:20:00,26.21,7.25,8.49
2026-10-20T19:30:00,26.09,7.14,8.33
2026-10-20T19:40:00,26.28,7.17,9.0
2026-10-20T19:50:00,26.17,7.15,6.7
2026-10-20T20:00:00,25.93,7.14,8.56
2026-10-20T20:10:00,25.74,7.17,8.79
2026-10-20T20:20:00,25.74,7.17,8.75
2026-10-20T20:30:00,25.54,7.11,7.67
2026-10-20T20:40:00,25.38,7.16,8.41
2026-10-20T20:50:00,25.35,7.12,7.38
2026-10-20T21:00:00,25.12,7.15,7.77
2026-10-20T21:10:00,25.14,7.17,7.17
2026-10-20T21:20:00,25.02,7.14,7.39
2026-10-20T21:30:00,24.96,7.13,7.81
2026-10-20T21:40:00,24.67,7.11,7.61
2026-10-20T21:50:00,24.78,7.12,7.39
2026-10-20T22:00:00,24.43,7.13,6.96
2026-10-20T22:10:00,24.38,7.12,9.57
2026-10-20T22:20:00,24.27,7.1,7.6
2026-10-20T22:30:00,24.08,7.1,8.26
2026-10-20T22:40:00,24.28,7.05,6.59
2026-10-20T22:50:00,23.86,7.06,9.09
2026-10-20T23:00:00,,,
2026-10-20T23:10:00,23.99,7.1,7.64
2026-10-20T23:20:00,23.61,7.07,7.65
2026-10-20T23:30:00,23.57,7.1,8.7
2026-10-20T23:40:00,23.36,7.07,5.64
2026-10-20T23:50:00,23.56,7.04,7.34
2026-10-21T00:00:00,23.48,7.01,7.9
2026-10-21T00:10:00,23.4,7.08,7.9
2026-10-21T00:20:00,23.3,7.06,10.0
2026-10-21T00:30:00,23.18,7.08,7.73
2026-10-21T00:40:00,23.02,7.09,8.79
2026-10-21T00:50:00,22.92,6.99,9.45
2026-10-21T01:00:00,23.19,6.99,8.54
2026-10-21T01:10:00,23.06,6.93,7.46
2026-10-21T01:20:00,22.79,7.04,6.97
2026-10-21T01:30:00,22.85,7.03,8.6
2026-10-21T01:40:00,22.75,7.01,9.32
2026-10-21T01:50:00,22.6,6.97,8.44
2026-10-21T02:00:00,22.76,7.0,8.99
2026-10-21T02:10:00,22.64,7.01,10.07
2026-10-21T02:20:00,22.53,7.02,8.67
2026-10-21T02:30:00,22.42,7.01,7.12
2026-10-21T02:40:00,22.41,7.02,8.04
2026-10-21T02:50:00,22.58,6.99,9.1
2026-10-21T03:00:00,22.61,7.02,7.8
2026-10-21T03:10:00,22.5,7.01,9.2
2026-10-21T03:20:00,22.73,6.96,7.95
2026-10-21T03:30:00,22.62,7.04,8.27
2026-10-21T03:40:00,22.75,7.04,7.72
2026-10-21T03:50:00,22.65,7.02,8.13
2026-10-21T04:00:00,22.58,7.01,8.17
2026-10-21T04:10:00,22.75,7.06,6.71
2026-10-21T04:20:00,22.59,6.96,7.65
2026-10-21T04:30:00,22.9,7.05,7.01
2026-10-21T04:40:00,22.71,7.0,7.67
2026-10-21T04:50:00,23.04,7.05,7.36
2026-10-21T05:00:00,22.9,7.02,8.81
2026-10-21T05:10:00,23.18,6.98,8.82
2026-10-21T05:20:00,22.92,7.01,8.45
2026-10-21T05:30:00,23.03,7.06,6.99
2026-10-21T05:40:00,23.26,7.02,7.92
2026-10-21T05:50:00,23.47,7.01,6.92
2026-10-21T06:00:00,23.63,7.01,7.88
2026-10-21T06:10:00,23.49,7.05,8.52
2026-10-21T06:20:00,23.83,7.09,8.79
2026-10-21T06:30:00,23.6,6.97,8.38
2026-10-21T06:40:00,23.89,7.13,9.01
2026-10-21T06:50:00,23.68,7.06,8.21
2026-10-21T07:00:00,23.96,7.08,7.81
2026-10-21T07:10:00,23.64,7.05,8.7
2026-10-21T07:20:00,23.91,7.06,8.73
2026-10-21T07:30:00,24.26,7.08,7.58
2026-10-21T07:40:00,24.1,7.04,8.3
2026-10-21T07:50:00,24.47,7.06,7.76
2026-10-21T08:00:00,24.63,7.12,6.39
2026-10-21T08:10:00,24.52,7.05,8.35
2026-10-21T08:20:00,24.55,7.11,6.96
2026-10-21T08:30:00,24.74,7.1,8.26
2026-10-21T08:40:00,24.79,7.08,6.77
2026-10-21T08:50:00,25.04,7.18,7.42
2026-10-21T09:00:00,25.17,7.1,7.65
2026-10-21T09:10:00,25.19,7.1,8.96
2026-10-21T09:20:00,25.58,7.14,7.57
2026-10-21T09:30:00,25.34,7.13,7.14
2026-10-21T09:40:00,25.76,7.16,8.29
2026-10-21T09:50:00,25.5,7.17,7.83
2026-10-21T10:00:00,25.79,7.18,8.63
2026-10-21T10:10:00,26.07,7.17,7.19
2026-10-21T10:20:00,26.17,7.16,8.17
2026-10-21T10:30:00,26.03,7.21,9.98
2026-10-21T10:40:00,26.28,7.19,7.81
2026-10-21T10:50:00,26.36,7.19,8.15
2026-10-21T11:00:00,26.32,7.25,6.67
2026-10-21T11:10:00,26.6,7.21,7.32
2026-10-21T11:20:00,26.88,7.25,8.37
2026-10-21T11:30:00,26.77,7.28,7.74
2026-10-21T11:40:00,26.86,7.29,8.49
2026-10-21T11:50:00,26.96,7.28,8.34
2026-10-21T12:00:00,26.72,7.27,6.95
2026-10-21T12:10:00,27.06,7.27,8.81
2026-10-21T12:20:00,26.89,7.27,7.01
2026-10-21T12:30:00,27.01,7.21,7.39
2026-10-21T12:40:00,27.49,7.3,8.18
2026-10-21T12:50:00,27.19,7.29,9.25
2026-10-21T13:00:00,27.18,7.31,7.2
2026-10-21T13:10:00,27.53,7.29,8.12
2026-10-21T13:20:00,27.25,7.32,8.12
2026-10-21T13:30:00,27.37,7.26,8.53
2026-10-21T13:40:00,27.67,7.27,8.95
2026-10-21T13:50:00,27.52,7.23,7.68
2026-10-21T14:00:00,27.31,7.3,8.81
2026-10-21T14:10:00,27.63,7.28,9.06
2026-10-21T14:20:00,27.53,7.28,9.43
2026-10-21T14:30:00,27.83,7.32,8.4
2026-10-21T14:40:00,27.54,7.3,8.13
2026-10-21T14:50:00,27.79,7.27,7.62
2026-10-21T15:00:00,27.91,7.39,6.83
2026-10-21T15:10:00,27.52,7.31,7.78
2026-10-21T15:20:00,27.61,7.29,8.09
2026-10-21T15:30:00,27.68,7.3,7.91
2026-10-21T15:40:00,27.48,7.32,8.48
2026-10-21T15:50:00,27.63,7.32,6.84
2026-10-21T16:00:00,27.52,7.36,7.85
2026-10-21T16:10:00,27.48,7.32,9.6
2026-10-21T16:20:00,27.49,7.38,8.8
2026-10-21T16:30:00,27.47,7.31,8.49
2026-10-21T16:40:00,27.44,7.33,8.31
2026-10-21T16:50:00,27.3,7.35,7.71
2026-10-21T17:00:00,27.25,7.35,6.6
2026-10-21T17:10:00,27.26,7.36,8.37
2026-10-21T17:20:00,27.2,7.31,6.04
2026-10-21T17:30:00,27.07,7.31,7.74
2026-10-21T17:40:00,27.12,7.23,8.0
2026-10-21T17:50:00,26.74,7.3,7.64
2026-10-21T18:00:00,26.83,7.33,9.74
2026-10-21T18:10:00,26.83,7.32,9.46
2026-10-21T18:20:00,26.67,7.28,8.83
2026-10-21T18:30:00,26.97,7.33,7.26
2026-10-21T18:40:00,26.64,7.26,9.54
2026-10-21T18:50:00,26.6,7.25,8.5
2026-10-21T19:00:00,26.4,7.25,7.25
2026-10-21T19:10:00,26.37,7.23,8.03
2026-10-21T19:20:00,26.08,7.28,8.77
2026-10-21T19:30:00,26.16,7.26,7.52
2026-10-21T19:40:00,25.95,7.26,8.11
2026-10-21T19:50:00,25.94,7.23,8.25
2026-10-21T20:00:00,25.51,7.23,7.12
2026-10-21T20:10:00,25.63,7.17,7.78
2026-10-21T20:20:00,25.93,7.24,7.18
2026-10-21T20:30:00,25.71,7.22,8.69
2026-10-21T20:40:00,25.67,7.17,7.27
2026-10-21T20:50:00,25.57,7.2,8.23
2026-10-21T21:00:00,25.33,7.18,6.89
2026-10-21T21:10:00,25.06,7.24,7.09
2026-10-21T21:20:00,24.87,7.14,7.05
2026-10-21T21:30:00,25.09,7.17,7.77
2026-10-21T21:40:00,24.85,7.12,8.14
2026-10-21T21:50:00,25.1,7.13,8.29
2026-10-21T22:00:00,24.56,7.15,6.58
2026-10-21T22:10:00,24.81,7.13,7.87
2026-10-21T22:20:00,24.39,7.12,7.4
2026-10-21T22:30:00,24.51,7.13,8.43
2026-10-21T22:40:00,24.46,7.1,7.79
2026-10-21T22:50:00,23.96,7.13,7.94
2026-10-21T23:00:00,23.95,7.09,7.4
2026-10-21T23:10:00,23.76,7.09,9.38
2026-10-21T23:20:00,23.62,7.1,6.97
2026-10-21T23:30:00,23.84,7.08,7.68
2026-10-21T23:40:00,23.63,7.09,8.09
2026-10-21T23:50:00,23.57,7.08,7.8
2026-10-22T00:00:00,23.57,7.07,7.39
2026-10-22T00:10:00,23.13,7.04,6.55
2026-10-22T00:20:00,23.54,7.02,7.45
2026-10-22T00:30:00,23.21,7.0,7.23
2026-10-22T00:40:00,23.27,6.99,9.34
2026-10-22T00:50:00,23.23,7.09,9.81
2026-10-22T01:00:00,23.28,6.96,7.96
2026-10-22T01:10:00,23.01,7.06,6.88
2026-10-22T01:20:00,22.65,7.0,8.59
2026-10-22T01:30:00,22.94,7.06,7.22
2026-10-22T01:40:00,22.93,6.96,7.56
2026-10-22T01:50:00,22.71,7.01,7.5
2026-10-22T02:00:00,22.86,7.06,7.6
2026-10-22T02:10:00,22.76,7.03,7.72
2026-10-22T02:20:00,22.58,7.0,6.95
2026-10-22T02:30:00,22.87,6.95,7.44
2026-10-22T02:40:00,-127.0,6.97,8.82
2026-10-22T02:50:00,22.7,7.05,7.97
2026-10-22T03:00:00,22.68,6.99,8.1
2026-10-22T03:10:00,22.93,6.99,6.21
2026-10-22T03:20:00,22.75,7.0,8.76
2026-10-22T03:30:00,22.77,6.95,7.45
2026-10-22T03:40:00,22.72,7.0,8.9
2026-10-22T03:50:00,22.88,6.97,8.12
2026-10-22T04:00:00,23.05,7.0,7.55
2026-10-22T04:10:00,22.99,6.98,6.66
2026-10-22T04:20:00,23.04,6.95,9.74
2026-10-22T04:30:00,23.05,6.99,8.64
2026-10-22T04:40:00,22.79,7.02,8.69
2026-10-22T04:50:00,22.91,7.02,9.46
2026-10-22T05:00:00,23.06,7.01,8.18
2026-10-22T05:10:00,23.03,7.04,9.08
2026-10-22T05:20:00,23.04,7.01,7.62
2026-10-22T05:30:00,22.97,7.02,8.59
2026-10-22T05:40:00,23.11,7.01,7.5
2026-10-22T05:50:00,23.35,7.05,7.6
2026-10-22T06:00:00,23.46,7.03,8.08
2026-10-22T06:10:00,23.43,7.01,6.99
2026-10-22T06:20:00,23.67,6.99,8.26
2026-10-22T06:30:00,23.68,7.07,7.75
2026-10-22T06:40:00,24.0,7.02,6.41
2026-10-22T06:50:00,23.9,7.05,7.63
2026-10-22T07:00:00,24.12,7.12,7.72
2026-10-22T07:10:00,24.15,7.07,8.68
2026-10-22T07:20:00,24.03,7.1,8.23
2026-10-22T07:30:00,24.32,7.04,9.16
2026-10-22T07:40:00,24.25,7.1,8.42
2026-10-22T07:50:00,24.53,7.07,7.56
2026-10-22T08:00:00,24.52,7.09,7.95
2026-10-22T08:10:00,24.8,7.14,7.72
2026-10-22T08:20:00,24.67,7.08,8.39
2026-10-22T08:30:00,24.97,7.1,8.05
2026-10-22T08:40:00,25.16,7.07,7.5
2026-10-22T08:50:00,25.3,7.14,8.01
2026-10-22T09:00:00,25.15,7.09,8.37
2026-10-22T09:10:00,25.38,7.15,7.19
2026-10-22T09:20:00,25.51,7.07,8.25
2026-10-22T09:30:00,25.82,7.14,6.74
2026-10-22T09:40:00,25.47,7.11,8.88
2026-10-22T09:50:00,25.66,7.16,8.42
2026-10-22T10:00:00,26.32,7.14,9.3
2026-10-22T10:10:00,25.97,7.12,7.11
2026-10-22T10:20:00,25.82,7.13,8.91
2026-10-22T10:30:00,26.11,7.13,8.75
2026-10-22T10:40:00,25.88,7.18,7.85
2026-10-22T10:50:00,26.44,7.13,7.7
2026-10-22T11:00:00,26.63,7.16,7.13
2026-10-22T11:10:00,26.46,7.19,6.92
2026-10-22T11:20:00,26.63,7.23,7.4
2026-10-22T11:30:00,26.91,7.19,7.0
2026-10-22T11:40:00,26.62,7.19,9.28
2026-10-22T11:50:00,26.75,7.22,6.8
2026-10-22T12:00:00,27.01,7.15,8.12
2026-10-22T12:10:00,27.0,7.19,8.35
2026-10-22T12:20:00,27.16,7.23,8.29
2026-10-22T12:30:00,27.09,7.22,8.36
2026-10-22T12:40:00,27.36,7.2,8.76
2026-10-22T12:50:00,27.36,7.29,7.64
2026-10-22T13:00:00,27.53,7.27,8.07
2026-10-22T13:10:00,27.54,7.27,7.77
2026-10-22T13:20:00,27.59,7.25,9.04
2026-10-22T13:30:00,27.39,7.28,9.68
2026-10-22T13:40:00,27.73,7.29,7.04
2026-10-22T13:50:00,27.64,7.26,6.38
2026-10-22T14:00:00,27.68,7.29,8.46
2026-10-22T14:10:00,27.88,7.25,8.86
2026-10-22T14:20:00,27.64,7.28,9.57
2026-10-22T14:30:00,27.98,7.32,8.59
2026-10-22T14:40:00,28.02,7.32,9.12
2026-10-22T14:50:00,27.93,7.32,9.33
2026-10-22T15:00:00,27.68,7.3,9.17
2026-10-22T15:10:00,27.5,7.29,8.7
2026-10-22T15:20:00,27.98,7.28,6.97
2026-10-22T15:30:00,27.82,7.24,7.99
2026-10-22T15:40:00,27.67,7.25,8.24
2026-10-22T15:50:00,27.92,7.29,7.92
2026-10-22T16:00:00,27.59,7.29,7.97
2026-10-22T16:10:00,27.63,7.34,9.25
2026-10-22T16:20:00,27.74,7.33,7.39
2026-10-22T16:30:00,27.46,7.27,8.64
2026-10-22T16:40:00,27.57,7.31,8.25
2026-10-22T16:50:00,27.71,7.27,7.31
2026-10-22T17:00:00,27.53,7.3,7.14
2026-10-22T17:10:00,27.63,7.3,6.64
2026-10-22T17:20:00,27.54,7.31,8.39
2026-10-22T17:30:00,27.31,7.26,7.95
2026-10-22T17:40:00,26.9,7.3,7.34
2026-10-22T17:50:00,27.01,7.21,6.5
2026-10-22T18:00:00,27.21,7.3,8.35
2026-10-22T18:10:00,26.78,7.26,7.86
2026-10-22T18:20:00,26.88,7.25,7.43
2026-10-22T18:30:00,26.88,7.18,7.23
2026-10-22T18:40:00,26.98,7.23,7.81
2026-10-22T18:50:00,26.59,7.28,8.38
2026-10-22T19:00:00,26.49,7.22,7.74
2026-10-22T19:10:00,26.5,7.25,7.05
2026-10-22T19:20:00,26.46,7.23,7.95
2026-10-22T19:30:00,26.32,7.25,8.84
2026-10-22T19:40:00,26.4,7.22,8.03
2026-10-22T19:50:00,26.02,7.19,8.05
2026-10-22T20:00:00,26.05,7.21,7.74
2026-10-22T20:10:00,25.99,7.25,7.29
2026-10-22T20:20:00,25.77,7.21,7.26
2026-10-22T20:30:00,25.84,7.19,6.67
2026-10-22T20:40:00,25.65,7.25,8.94
2026-10-22T20:50:00,25.64,7.21,8.37
2026-10-22T21:00:00,25.44,7.19,8.07
2026-10-22T21:10:00,25.35,7.17,8.24
2026-10-22T21:20:00,25.1,7.17,8.27
2026-10-22T21:30:00,24.99,7.16,7.41
2026-10-22T21:40:00,25.15,7.06,7.74
2026-10-22T21:50:00,24.95,7.14,7.62
2026-10-22T22:00:00,24.62,7.12,10.01
2026-10-22T22:10:00,24.69,7.1,8.82
2026-10-22T22:20:00,24.19,7.1,8.13
2026-10-22T22:30:00,24.35,7.06,9.09
2026-10-22T22:40:00,24.48,7.04,8.99
2026-10-22T22:50:00,24.23,7.13,6.9
2026-10-22T23:00:00,24.18,7.09,7.82
2026-10-22T23:10:00,23.62,7.0,7.99
2026-10-22T23:20:00,23.92,7.05,8.49
2026-10-22T23:30:00,23.94,7.09,7.82
2026-10-22T23:40:00,23.87,7.05,7.92
2026-10-22T23:50:00,23.85,7.08,7.63
2026-10-23T00:00:00,23.59,7.07,8.84
2026-10-23T00:10:00,23.51,7.0,6.85
2026-10-23T00:20:00,23.27,7.03,7.66
2026-10-23T00:30:00,23.38,7.02,6.53
2026-10-23T00:40:00,23.17,6.99,7.18
2026-10-23T00:50:00,23.02,6.99,8.25
2026-10-23T01:00:00,23.08,7.0,8.27
2026-10-23T01:10:00,23.4,7.0,7.75
2026-10-23T01:20:00,23.1,7.02,8.9
2026-10-23T01:30:00,23.13,7.05,9.08
2026-10-23T01:40:00,22.98,7.02,7.94
2026-10-23T01:50:00,22.76,7.03,8.2
2026-10-23T02:00:00,23.13,6.99,7.64
2026-10-23T02:10:00,22.62,7.02,8.5
2026-10-23T02:20:00,22.84,6.99,7.04
2026-10-23T02:30:00,22.9,6.98,9.44
2026-10-23T02:40:00,22.94,7.04,8.91
2026-10-23T02:50:00,22.77,6.91,7.04
2026-10-23T03:00:00,22.6,6.93,7.37
2026-10-23T03:10:00,22.75,6.99,8.34
2026-10-23T03:20:00,22.76,6.97,7.73
2026-10-23T03:30:00,22.75,6.94,8.44
2026-10-23T03:40:00,23.02,6.95,7.71
2026-10-23T03:50:00,22.7,6.95,9.22
2026-10-23T04:00:00,22.96,7.0,8.01
2026-10-23T04:10:00,22.95,7.01,9.94
2026-10-23T04:20:00,23.11,7.03,8.48
2026-10-23T04:30:00,22.99,6.93,6.92
2026-10-23T04:40:00,23.16,6.93,9.67
2026-10-23T04:50:00,23.06,6.93,8.88
2026-10-23T05:00:00,23.22,7.01,8.3
2026-10-23T05:10:00,22.98,6.99,8.52
2026-10-23T05:20:00,22.86,6.98,7.05
2026-10-23T05:30:00,23.39,6.99,6.56
2026-10-23T05:40:00,23.47,6.98,7.97
2026-10-23T05:50:00,23.56,6.96,9.1
2026-10-23T06:00:00,23.49,7.01,8.32
2026-10-23T06:10:00,23.86,6.99,9.37
2026-10-23T06:20:00,23.66,6.96,9.06
2026-10-23T06:30:00,23.88,7.01,8.02
2026-10-23T06:40:00,24.0,6.99,8.95
2026-10-23T06:50:00,24.26,7.01,9.22
2026-10-23T07:00:00,24.04,7.01,7.94
2026-10-23T07:10:00,24.09,7.04,7.83
2026-10-23T07:20:00,24.07,7.02,8.11
2026-10-23T07:30:00,24.61,7.0,6.07
2026-10-23T07:40:00,24.56,7.04,8.22
2026-10-23T07:50:00,24.67,7.04,8.58
2026-10-23T08:00:00,25.16,7.06,8.12
2026-10-23T08:10:00,24.86,7.08,8.28
2026-10-23T08:20:00,24.74,7.03,7.97
2026-10-23T08:30:00,25.03,7.08,6.4
2026-10-23T08:40:00,25.03,7.01,9.33
2026-10-23T08:50:00,25.23,7.06,7.71
2026-10-23T09:00:00,25.32,7.07,7.51
2026-10-23T09:10:00,25.38,7.13,9.09
2026-10-23T09:20:00,25.38,7.09,8.78
2026-10-23T09:30:00,25.93,7.12,8.22
2026-10-23T09:40:00,25.83,7.05,8.62
2026-10-23T09:50:00,25.86,7.1,7.08
2026-10-23T10:00:00,26.12,7.1,7.94
2026-10-23T10:10:00,26.16,7.2,9.04
2026-10-23T10:20:00,26.23,7.11,7.46
2026-10-23T10:30:00,26.41,7.14,7.2
2026-10-23T10:40:00,26.42,7.15,8.06
2026-10-23T10:50:00,26.61,7.12,8.08
2026-10-23T11:00:00,26.71,7.16,8.52
2026-10-23T11:10:00,26.72,7.2,6.9
2026-10-23T11:20:00,26.76,7.19,5.96
2026-10-23T11:30:00,27.12,7.12,8.74
2026-10-23T11:40:00,26.91,7.17,7.13
2026-10-23T11:50:00,27.12,7.23,7.51
2026-10-23T12:00:00,27.21,7.22,6.25
2026-10-23T12:10:00,27.12,7.24,8.82
2026-10-23T12:20:00,27.17,7.18,8.28
2026-10-23T12:30:00,27.31,7.26,8.25
2026-10-23T12:40:00,27.35,7.23,8.24
2026-10-23T12:50:00,27.27,7.29,6.35
2026-10-23T13:00:00,27.44,7.25,7.21
2026-10-23T13:10:00,27.62,7.19,7.64
2026-10-23T13:20:00,27.83,7.28,7.4
2026-10-23T13:30:00,27.76,7.25,7.78
2026-10-23T13:40:00,27.34,7.26,8.2
2026-10-23T13:50:00,27.86,7.23,8.81
2026-10-23T14:00:00,27.7,7.32,6.82
2026-10-23T14:10:00,27.89,7.27,7.99
2026-10-23T14:20:00,27.83,7.33,8.57
2026-10-23T14:30:00,27.83,7.27,7.26
2026-10-23T14:40:00,27.85,7.26,7.85
2026-10-23T14:50:00,27.88,7.33,8.37
2026-10-23T15:00:00,28.08,7.29,8.01
2026-10-23T15:10:00,27.87,7.29,8.54
2026-10-23T15:20:00,28.03,7.26,8.08
2026-10-23T15:30:00,27.99,7.28,7.75
2026-10-23T15:40:00,27.93,7.32,7.06
2026-10-23T15:50:00,27.56,7.27,8.2
2026-10-23T16:00:00,27.96,7.29,8.08
2026-10-23T16:10:00,27.7,7.3,7.21
2026-10-23T16:20:00,,,
2026-10-23T16:30:00,27.52,7.34,9.01
2026-10-23T16:40:00,27.44,7.29,7.47
2026-10-23T16:50:00,27.86,7.28,7.42
2026-10-23T17:00:00,27.38,7.37,7.39
2026-10-23T17:10:00,27.63,7.28,6.66
2026-10-23T17:20:00,27.42,7.27,9.6
2026-10-23T17:30:00,27.27,7.27,7.64
2026-10-23T17:40:00,27.24,7.27,7.31
2026-10-23T17:50:00,26.97,7.27,7.1
2026-10-23T18:00:00,27.09,7.3,7.69
2026-10-23T18:10:00,26.83,7.28,7.44
2026-10-23T18:20:00,26.85,7.29,9.15
2026-10-23T18:30:00,26.95,7.29,7.0
2026-10-23T18:40:00,26.78,7.26,6.77
2026-10-23T18:50:00,26.44,7.25,8.44
2026-10-23T19:00:00,26.69,7.27,7.91
2026-10-23T19:10:00,26.48,7.2,7.82
2026-10-23T19:20:00,26.29,7.31,8.45
2026-10-23T19:30:00,26.4,7.22,8.11
2026-10-23T19:40:00,26.15,7.22,7.96
2026-10-23T19:50:00,25.9,7.18,6.88
2026-10-23T20:00:00,26.25,7.18,6.67
2026-10-23T20:10:00,25.85,7.23,7.44
2026-10-23T20:20:00,25.73,7.27,7.13
2026-10-23T20:30:00,25.58,7.18,8.22
2026-10-23T20:40:00,25.7,7.2,6.56
2026-10-23T20:50:00,25.34,7.18,7.64
2026-10-23T21:00:00,25.08,7.2,7.86
2026-10-23T21:10:00,25.1,7.22,7.97
2026-10-23T21:20:00,25.3,7.19,8.32
2026-10-23T21:30:00,25.12,7.14,7.74
2026-10-23T21:40:00,24.84,7.15,7.47
2026-10-23T21:50:00,24.98,7.16,9.0
2026-10-23T22:00:00,24.79,7.13,7.74
2026-10-23T22:10:00,24.55,7.1,9.14
2026-10-23T22:20:00,24.47,7.1,7.74
2026-10-23T22:30:00,24.45,7.15,7.99
2026-10-23T22:40:00,24.21,7.15,7.89
2026-10-23T22:50:00,24.24,7.1,8.18
2026-10-23T23:00:00,24.2,7.11,7.66
2026-10-23T23:10:00,23.81,7.14,8.08
2026-10-23T23:20:00,23.94,7.04,9.22
2026-10-23T23:30:00,23.83,7.07,8.84
2026-10-23T23:40:00,23.94,7.14,8.84
2026-10-23T23:50:00,23.43,7.08,6.93
2026-10-24T00:00:00,23.57,7.04,7.06
2026-10-24T00:10:00,23.48,7.07,8.17
2026-10-24T00:20:00,23.63,7.09,8.62
2026-10-24T00:30:00,23.42,6.97,7.58
2026-10-24T00:40:00,23.63,7.05,7.44
2026-10-24T00:50:00,23.4,7.03,9.12
2026-10-24T01:00:00,23.19,6.99,8.55
2026-10-24T01:10:00,23.24,7.04,8.85
2026-10-24T01:20:00,23.09,7.03,7.65
2026-10-24T01:30:00,23.22,7.02,7.58
2026-10-24T01:40:00,22.86,7.01,8.76
2026-10-24T01:50:00,22.91,6.99,7.79
2026-10-24T02:00:00,23.08,6.97,7.51
2026-10-24T02:10:00,23.17,6.99,7.27
2026-10-24T02:20:00,22.64,7.04,7.59
2026-10-24T02:30:00,23.16,7.02,8.7
2026-10-24T02:40:00,22.92,7.01,6.79
2026-10-24T02:50:00,22.64,6.98,8.5
2026-10-24T03:00:00,22.47,6.99,7.43
2026-10-24T03:10:00,22.7,7.03,7.83
2026-10-24T03:20:00,22.91,7.02,7.88
2026-10-24T03:30:00,22.91,6.99,7.82
2026-10-24T03:40:00,23.03,6.93,7.77
2026-10-24T03:50:00,22.88,6.98,7.64
2026-10-24T04:00:00,22.82,6.99,7.54
2026-10-24T04:10:00,22.95,6.98,9.06
2026-10-24T04:20:00,23.05,6.99,8.02
2026-10-24T04:30:00,23.1,7.02,7.9
2026-10-24T04:40:00,22.99,7.0,7.48
2026-10-24T04:50:00,23.3,7.04,7.67
2026-10-24T05:00:00,23.14,6.96,7.49
2026-10-24T05:10:00,23.16,7.0,8.61
2026-10-24T05:20:00,23.26,6.95,7.4
2026-10-24T05:30:00,23.56,7.0,6.2
2026-10-24T05:40:00,23.45,6.98,8.05
2026-10-24T05:50:00,23.44,7.05,7.78
2026-10-24T06:00:00,23.77,7.02,7.53
2026-10-24T06:10:00,24.02,7.04,8.73
2026-10-24T06:20:00,23.81,7.0,5.81
2026-10-24T06:30:00,24.05,6.99,9.26
2026-10-24T06:40:00,24.12,6.99,8.84
2026-10-24T06:50:00,23.96,7.03,7.5
2026-10-24T07:00:00,24.14,7.08,7.64
2026-10-24T07:10:00,24.01,7.05,8.4
2026-10-24T07:20:00,24.27,7.03,8.42
2026-10-24T07:30:00,24.3,7.04,7.49
2026-10-24T07:40:00,24.42,7.05,6.71
2026-10-24T07:50:00,24.48,7.11,9.69
2026-10-24T08:00:00,24.65,7.09,8.76
2026-10-24T08:10:00,24.86,7.07,8.13
2026-10-24T08:20:00,24.87,7.07,8.14
2026-10-24T08:30:00,24.7,7.07,8.5
2026-10-24T08:40:00,24.99,7.09,8.59
2026-10-24T08:50:00,24.97,7.06,6.33
2026-10-24T09:00:00,25.34,7.05,7.72
2026-10-24T09:10:00,25.48,7.12,7.64
2026-10-24T09:20:00,25.56,7.09,7.87
2026-10-24T09:30:00,25.51,7.13,8.62
2026-10-24T09:40:00,25.77,7.16,6.57
2026-10-24T09:50:00,25.76,7.13,6.92
2026-10-24T10:00:00,25.75,7.13,7.45
2026-10-24T10:10:00,26.13,7.22,8.12
2026-10-24T10:20:00,26.24,7.13,8.67
2026-10-24T10:30:00,26.36,7.1,9.31
2026-10-24T10:40:00,26.23,7.13,7.77
2026-10-24T10:50:00,26.59,7.18,8.66
2026-10-24T11:00:00,26.43,7.11,8.57
2026-10-24T11:10:00,26.69,7.12,8.43
2026-10-24T11:20:00,26.61,7.19,7.98
2026-10-24T11:30:00,26.74,7.15,7.68
2026-10-24T11:40:00,26.52,7.16,7.15
2026-10-24T11:50:00,26.91,7.21,7.09
2026-10-24T12:00:00,27.05,7.16,8.28
2026-10-24T12:10:00,27.05,7.15,7.96
2026-10-24T12:20:00,27.45,7.16,7.67
2026-10-24T12:30:00,27.08,7.23,8.53
2026-10-24T12:40:00,27.21,7.22,7.84
2026-10-24T12:50:00,27.22,7.19,7.27
2026-10-24T13:00:00,27.32,7.19,7.79
2026-10-24T13:10:00,27.59,7.22,8.66
2026-10-24T13:20:00,27.7,7.27,7.18
2026-10-24T13:30:00,27.4,7.22,8.17
2026-10-24T13:40:00,27.45,7.22,7.96
2026-10-24T13:50:00,27.42,7.21,7.39
2026-10-24T14:00:00,27.81,7.24,7.77
2026-10-24T14:10:00,27.81,7.27,6.74
2026-10-24T14:20:00,27.63,7.32,8.09
2026-10-24T14:30:00,27.45,7.26,6.91
2026-10-24T14:40:00,27.47,7.26,8.86
2026-10-24T14:50:00,27.71,7.29,7.93
2026-10-24T15:00:00,27.76,7.29,7.54
2026-10-24T15:10:00,27.38,7.25,8.93
2026-10-24T15:20:00,27.62,7.33,7.17
2026-10-24T15:30:00,27.89,7.27,7.4
2026-10-24T15:40:00,27.6,7.27,6.54
2026-10-24T15:50:00,27.85,7.29,9.05
2026-10-24T16:00:00,27.71,7.28,9.5
2026-10-24T16:10:00,27.41,7.32,6.66
2026-10-24T16:20:00,27.48,7.25,7.35
2026-10-24T16:30:00,27.44,7.29,8.06
2026-10-24T16:40:00,27.27,7.28,7.59
2026-10-24T16:50:00,27.22,7.31,7.97
2026-10-24T17:00:00,,,
2026-10-24T17:10:00,27.1,7.26,8.33
2026-10-24T17:20:00,27.35,7.29,7.23
2026-10-24T17:30:00,27.07,7.27,8.15
2026-10-24T17:40:00,27.06,7.23,7.11
2026-10-24T17:50:00,27.09,7.3,7.67
2026-10-24T18:00:00,25.34,6.78,41.61
2026-10-24T18:10:00,25.53,6.78,40.56
2026-10-24T18:20:00,25.15,6.79,38.43
2026-10-24T18:30:00,25.51,6.84,37.77
2026-10-24T18:40:00,25.09,6.87,35.21
2026-10-24T18:50:00,25.41,6.82,33.7
2026-10-24T19:00:00,25.54,6.89,32.04
2026-10-24T19:10:00,25.48,6.92,28.89
2026-10-24T19:20:00,25.17,6.84,27.63
2026-10-24T19:30:00,25.16,6.94,27.69
2026-10-24T19:40:00,25.16,6.96,26.96
2026-10-24T19:50:00,25.25,6.96,25.41
2026-10-24T20:00:00,24.86,6.98,23.84
2026-10-24T20:10:00,25.1,6.95,23.34
2026-10-24T20:20:00,25.07,6.94,22.33
2026-10-24T20:30:00,24.91,6.93,22.33
2026-10-24T20:40:00,24.96,7.03,21.45
2026-10-24T20:50:00,24.84,7.02,19.65
2026-10-24T21:00:00,24.64,7.04,19.32
2026-10-24T21:10:00,24.37,6.99,18.9
2026-10-24T21:20:00,24.62,7.04,18.37
2026-10-24T21:30:00,24.38,6.97,18.74
2026-10-24T21:40:00,24.35,6.99,16.83
2026-10-24T21:50:00,24.42,7.01,17.25
2026-10-24T22:00:00,24.49,7.03,14.88
2026-10-24T22:10:00,24.18,7.06,14.83
2026-10-24T22:20:00,24.18,7.0,13.18
2026-10-24T22:30:00,23.81,6.98,14.6
2026-10-24T22:40:00,23.97,6.98,14.6
2026-10-24T22:50:00,23.85,6.98,11.67
2026-10-24T23:00:00,23.94,7.06,13.52
2026-10-24T23:10:00,23.6,7.02,13.53
2026-10-24T23:20:00,23.59,7.03,13.17
2026-10-24T23:30:00,23.72,6.98,11.49
2026-10-24T23:40:00,23.49,6.99,12.8
2026-10-24T23:50:00,23.25,7.01,11.93
2026-10-25T00:00:00,23.74,6.97,12.16
2026-10-25T00:10:00,23.12,6.97,11.36
2026-10-25T00:20:00,23.2,6.96,11.56
2026-10-25T00:30:00,23.21,6.97,11.95
2026-10-25T00:40:00,23.15,6.98,10.71
2026-10-25T00:50:00,23.01,6.95,10.93
2026-10-25T01:00:00,22.95,6.98,11.54
2026-10-25T01:10:00,22.88,6.97,10.28
2026-10-25T01:20:00,22.71,6.96,9.34
2026-10-25T01:30:00,23.18,6.94,10.64
2026-10-25T01:40:00,22.81,6.96,11.12
2026-10-25T01:50:00,22.88,6.94,10.89
2026-10-25T02:00:00,22.81,6.98,8.57
2026-10-25T02:10:00,22.79,7.02,6.12
2026-10-25T02:20:00,22.73,6.95,7.49
2026-10-25T02:30:00,22.55,7.05,7.53
2026-10-25T02:40:00,22.76,6.98,8.04
2026-10-25T02:50:00,22.72,6.99,9.35
2026-10-25T03:00:00,22.94,6.95,7.14
2026-10-25T03:10:00,22.59,7.01,9.79
2026-10-25T03:20:00,22.67,6.96,7.69
2026-10-25T03:30:00,22.63,6.95,7.39
2026-10-25T03:40:00,23.01,6.95,8.68
2026-10-25T03:50:00,22.69,6.96,8.74
2026-10-25T04:00:00,22.92,6.98,8.52
2026-10-25T04:10:00,23.02,6.97,7.38
2026-10-25T04:20:00,22.9,6.97,8.4
2026-10-25T04:30:00,22.77,6.95,7.17
2026-10-25T04:40:00,22.82,6.95,7.36
2026-10-25T04:50:00,23.22,6.96,7.92
2026-10-25T05:00:00,22.96,6.99,7.34
2026-10-25T05:10:00,23.27,7.0,8.84
2026-10-25T05:20:00,23.28,7.01,7.54
2026-10-25T05:30:00,23.39,6.99,7.82
2026-10-25T05:40:00,23.46,7.0,7.3
2026-10-25T05:50:00,23.31,6.99,8.83
2026-10-25T06:00:00,23.37,6.94,7.47
2026-10-25T06:10:00,23.71,6.99,8.91
2026-10-25T06:20:00,23.6,6.99,8.85
2026-10-25T06:30:00,23.37,6.97,7.64
2026-10-25T06:40:00,23.98,6.99,8.02
2026-10-25T06:50:00,23.83,7.01,7.62
2026-10-25T07:00:00,24.14,6.98,8.44
2026-10-25T07:10:00,24.38,6.99,7.84
2026-10-25T07:20:00,24.27,7.07,7.67
2026-10-25T07:30:00,24.53,6.98,8.04
2026-10-25T07:40:00,24.51,7.02,6.73
2026-10-25T07:50:00,24.82,7.0,7.94
2026-10-25T08:00:00,24.53,7.01,8.52
2026-10-25T08:10:00,24.81,7.04,8.11
2026-10-25T08:20:00,25.02,7.02,8.76
2026-10-25T08:30:00,25.0,7.07,7.7
2026-10-25T08:40:00,25.32,7.1,7.63
2026-10-25T08:50:00,25.18,7.09,7.11
2026-10-25T09:00:00,25.67,7.1,7.68
2026-10-25T09:10:00,25.77,7.03,9.57
2026-10-25T09:20:00,25.6,7.07,8.22
2026-10-25T09:30:00,25.76,7.1,7.53
2026-10-25T09:40:00,25.96,7.11,7.2
2026-10-25T09:50:00,25.71,7.15,6.72
2026-10-25T10:00:00,25.8,7.13,7.34
2026-10-25T10:10:00,26.29,7.13,8.61
2026-10-25T10:20:00,26.25,7.19,7.66
2026-10-25T10:30:00,26.28,7.12,7.23
2026-10-25T10:40:00,26.41,7.11,7.32
2026-10-25T10:50:00,26.15,7.13,8.52
2026-10-25T11:00:00,26.57,7.1,7.93
2026-10-25T11:10:00,26.56,7.14,7.5
2026-10-25T11:20:00,26.89,7.09,7.75
2026-10-25T11:30:00,27.01,7.13,9.76
2026-10-25T11:40:00,27.04,7.14,8.98
2026-10-25T11:50:00,27.08,7.18,9.17
2026-10-25T12:00:00,26.86,7.19,6.6
2026-10-25T12:10:00,27.24,7.13,7.88
2026-10-25T12:20:00,27.34,7.23,7.48
2026-10-25T12:30:00,27.5,7.18,8.44
2026-10-25T12:40:00,27.7,7.18,8.85
2026-10-25T12:50:00,27.2,7.13,8.26
2026-10-25T13:00:00,27.45,7.16,7.3
2026-10-25T13:10:00,27.44,7.22,7.47
2026-10-25T13:20:00,27.63,7.19,8.5
2026-10-25T13:30:00,27.65,7.19,8.58
2026-10-25T13:40:00,27.66,7.2,8.11
2026-10-25T13:50:00,27.88,7.16,8.1
2026-10-25T14:00:00,27.59,7.2,8.04
2026-10-25T14:10:00,27.63,7.24,8.22
2026-10-25T14:20:00,27.65,7.24,8.57
2026-10-25T14:30:00,27.77,7.2,8.5
2026-10-25T14:40:00,27.65,7.26,8.02
2026-10-25T14:50:00,27.83,7.18,7.96
2026-10-25T15:00:00,27.83,7.19,7.93
2026-10-25T15:10:00,27.75,7.27,7.38
2026-10-25T15:20:00,27.98,7.24,7.37
2026-10-25T15:30:00,27.83,7.21,8.44
2026-10-25T15:40:00,27.98,7.22,7.43
2026-10-25T15:50:00,27.76,7.2,8.65
2026-10-25T16:00:00,27.77,7.23,7.96
2026-10-25T16:10:00,27.64,7.23,8.66
2026-10-25T16:20:00,27.7,7.23,8.51
2026-10-25T16:30:00,27.76,7.19,8.67
2026-10-25T16:40:00,27.55,7.24,7.62
2026-10-25T16:50:00,27.64,7.21,8.33
2026-10-25T17:00:00,27.4,7.2,8.59
2026-10-25T17:10:00,27.57,7.26,6.76
2026-10-25T17:20:00,27.31,7.28,9.36
2026-10-25T17:30:00,27.46,7.27,9.81
2026-10-25T17:40:00,27.26,7.24,8.76
2026-10-25T17:50:00,27.41,7.2,8.64
2026-10-25T18:00:00,26.95,7.2,8.47
2026-10-25T18:10:00,26.84,7.22,7.74
2026-10-25T18:20:00,26.89,7.19,7.91
2026-10-25T18:30:00,26.68,7.24,8.77
2026-10-25T18:40:00,26.6,7.13,7.22
2026-10-25T18:50:00,26.81,7.17,7.15
2026-10-25T19:00:00,26.63,7.2,7.68
2026-10-25T19:10:00,26.47,7.14,8.53
2026-10-25T19:20:00,26.39,7.15,7.31
2026-10-25T19:30:00,26.26,7.17,7.82
2026-10-25T19:40:00,26.49,7.19,7.91
2026-10-25T19:50:00,26.01,7.1,7.19
2026-10-25T20:00:00,25.82,7.09,6.05
2026-10-25T20:10:00,26.04,7.1,7.18
2026-10-25T20:20:00,25.78,7.07,8.21
2026-10-25T20:30:00,26.0,7.07,8.39
2026-10-25T20:40:00,25.51,7.07,8.4
2026-10-25T20:50:00,25.63,7.14,8.49
2026-10-25T21:00:00,25.56,7.09,7.5
2026-10-25T21:10:00,25.21,7.09,7.33
2026-10-25T21:20:00,25.07,7.05,8.3
2026-10-25T21:30:00,25.2,7.09,7.83
2026-10-25T21:40:00,25.06,7.12,8.73
2026-10-25T21:50:00,24.66,7.03,8.31
2026-10-25T22:00:00,24.59,7.1,9.03
2026-10-25T22:10:00,24.26,7.05,7.63
2026-10-25T22:20:00,24.63,7.03,8.85
2026-10-25T22:30:00,24.41,7.04,9.63
2026-10-25T22:40:00,24.35,7.03,8.04
2026-10-25T22:50:00,24.02,7.07,8.4
2026-10-25T23:00:00,24.01,7.02,7.26
2026-10-25T23:10:00,24.04,7.01,8.72
2026-10-25T23:20:00,23.91,6.98,8.9
2026-10-25T23:30:00,23.94,7.01,7.6
2026-10-25T23:40:00,23.91,6.95,8.47
2026-10-25T23:50:00,24.09,6.98,8.22
2026-10-26T00:00:00,23.68,7.06,8.31
2026-10-26T00:10:00,23.8,6.89,8.65
2026-10-26T00:20:00,23.42,6.97,8.42
2026-10-26T00:30:00,23.24,6.96,7.89
2026-10-26T00:40:00,23.37,6.94,8.67
2026-10-26T00:50:00,23.13,6.94,8.89
2026-10-26T01:00:00,23.3,6.94,7.56
2026-10-26T01:10:00,23.15,6.93,8.0
2026-10-26T01:20:00,22.93,6.94,6.59
2026-10-26T01:30:00,23.44,6.91,8.47
2026-10-26T01:40:00,23.07,6.99,8.98
2026-10-26T01:50:00,22.86,6.91,7.79
2026-10-26T02:00:00,23.2,6.93,8.11
2026-10-26T02:10:00,22.93,6.9,7.82
2026-10-26T02:20:00,23.16,6.94,7.69
2026-10-26T02:30:00,22.88,6.93,8.19
2026-10-26T02:40:00,22.91,6.92,7.37
2026-10-26T02:50:00,23.03,6.87,7.81
2026-10-26T03:00:00,23.06,6.88,7.28
2026-10-26T03:10:00,23.09,6.95,8.47
2026-10-26T03:20:00,22.97,6.88,8.19
2026-10-26T03:30:00,23.07,6.92,7.66
2026-10-26T03:40:00,23.11,6.87,8.03
2026-10-26T03:50:00,23.06,6.93,7.82
2026-10-26T04:00:00,23.03,6.88,8.92
2026-10-26T04:10:00,22.89,6.87,7.65
2026-10-26T04:20:00,23.23,6.88,8.51
2026-10-26T04:30:00,23.18,6.88,7.44
2026-10-26T04:40:00,23.17,6.91,8.65
2026-10-26T04:50:00,23.47,6.9,8.83
2026-10-26T05:00:00,23.13,6.87,8.87
2026-10-26T05:10:00,23.66,6.91,9.18
2026-10-26T05:20:00,23.46,6.87,8.23
2026-10-26T05:30:00,23.58,6.93,8.99
2026-10-26T05:40:00,23.54,6.94,9.3
2026-10-26T05:50:00,23.4,6.91,7.1
2026-10-26T06:00:00,23.71,6.92,7.52
2026-10-26T06:10:00,23.87,6.97,6.8
2026-10-26T06:20:00,24.0,6.92,8.85
2026-10-26T06:30:00,23.95,6.91,6.79
2026-10-26T06:40:00,23.72,6.96,6.58
2026-10-26T06:50:00,23.92,6.91,7.12
2026-10-26T07:00:00,24.56,6.94,6.61
2026-10-26T07:10:00,,,
2026-10-26T07:20:00,24.65,6.94,7.13
2026-10-26T07:30:00,24.38,6.96,6.65
2026-10-26T07:40:00,24.61,6.99,7.97
2026-10-26T07:50:00,24.83,7.0,8.01
2026-10-26T08:00:00,24.73,7.0,6.5
2026-10-26T08:10:00,25.2,6.99,7.43
2026-10-26T08:20:00,25.09,6.98,7.94
2026-10-26T08:30:00,25.26,6.92,7.71
2026-10-26T08:40:00,25.27,7.01,7.74
2026-10-26T08:50:00,25.52,6.94,8.94
2026-10-26T09:00:00,25.77,6.96,9.72
2026-10-26T09:10:00,25.63,7.01,7.75
2026-10-26T09:20:00,26.02,7.03,6.94
2026-10-26T09:30:00,25.79,7.02,7.81
2026-10-26T09:40:00,26.1,7.08,8.16
2026-10-26T09:50:00,26.16,7.06,7.96
2026-10-26T10:00:00,26.03,7.04,8.49
2026-10-26T10:10:00,26.34,7.11,9.77
2026-10-26T10:20:00,26.4,7.12,6.63
2026-10-26T10:30:00,26.38,7.1,7.59
2026-10-26T10:40:00,26.66,7.06,9.23
2026-10-26T10:50:00,26.71,7.08,7.58
2026-10-26T11:00:00,26.77,7.06,8.63
2026-10-26T11:10:00,26.86,7.11,8.5
2026-10-26T11:20:00,26.93,7.08,8.99
2026-10-26T11:30:00,26.97,7.11,9.53
2026-10-26T11:40:00,27.14,7.14,8.27
2026-10-26T11:50:00,27.11,7.08,6.6
2026-10-26T12:00:00,27.69,7.11,7.44
2026-10-26T12:10:00,27.13,7.13,9.75
2026-10-26T12:20:00,27.32,7.15,6.87
2026-10-26T12:30:00,27.42,7.14,8.4
2026-10-26T12:40:00,27.85,7.15,5.99
2026-10-26T12:50:00,27.42,7.15,6.92
2026-10-26T13:00:00,27.73,7.13,8.71
2026-10-26T13:10:00,27.75,7.16,8.03
2026-10-26T13:20:00,27.81,7.17,7.7
2026-10-26T13:30:00,27.99,7.18,7.35
2026-10-26T13:40:00,28.03,7.2,6.4
2026-10-26T13:50:00,27.81,7.21,8.55
2026-10-26T14:00:00,27.93,7.22,7.77
2026-10-26T14:10:00,27.65,7.18,6.78
2026-10-26T14:20:00,27.95,7.16,8.02
2026-10-26T14:30:00,27.84,7.25,8.46
2026-10-26T14:40:00,27.97,7.23,7.84
2026-10-26T14:50:00,27.76,7.2,8.09
2026-10-26T15:00:00,28.09,7.24,8.03
2026-10-26T15:10:00,27.77,7.26,7.43
2026-10-26T15:20:00,28.02,7.28,8.04
2026-10-26T15:30:00,27.79,7.24,8.59
2026-10-26T15:40:00,27.84,7.27,8.83
2026-10-26T15:50:00,28.11,7.2,8.63
2026-10-26T16:00:00,27.99,7.23,7.46
2026-10-26T16:10:00,28.05,7.22,8.51
2026-10-26T16:20:00,,,
2026-10-26T16:30:00,27.66,7.28,7.43
2026-10-26T16:40:00,27.96,7.24,7.63
2026-10-26T16:50:00,27.45,7.2,8.54
2026-10-26T17:00:00,27.73,7.19,9.1
2026-10-26T17:10:00,27.48,7.27,6.55
2026-10-26T17:20:00,27.35,7.23,9.31
2026-10-26T17:30:00,27.52,7.23,8.93
2026-10-26T17:40:00,27.5,7.2,8.16
2026-10-26T17:50:00,27.43,7.22,7.81
2026-10-26T18:00:00,27.25,7.18,8.31
2026-10-26T18:10:00,27.15,7.21,7.49
2026-10-26T18:20:00,27.13,7.16,7.86
2026-10-26T18:30:00,27.02,7.18,6.82
2026-10-26T18:40:00,26.97,7.16,6.61
2026-10-26T18:50:00,26.83,7.08,9.87
2026-10-26T19:00:00,26.82,7.16,8.05
2026-10-26T19:10:00,26.35,7.14,8.16
2026-10-26T19:20:00,26.48,7.16,7.98
2026-10-26T19:30:00,26.2,7.16,7.34
2026-10-26T19:40:00,26.35,7.21,7.75
2026-10-26T19:50:00,26.46,7.16,8.07
2026-10-26T20:00:00,26.03,7.15,7.84
2026-10-26T20:10:00,26.03,7.15,7.4
2026-10-26T20:20:00,26.02,7.15,8.38
2026-10-26T20:30:00,25.5,7.13,8.15
2026-10-26T20:40:00,25.62,7.12,8.31
2026-10-26T20:50:00,25.66,7.13,8.56
2026-10-26T21:00:00,25.06,7.03,7.86
2026-10-26T21:10:00,25.25,7.15,7.86
2026-10-26T21:20:00,25.46,7.13,9.19
2026-10-26T21:30:00,25.33,7.08,7.24
2026-10-26T21:40:00,25.13,7.03,6.5
2026-10-26T21:50:00,25.1,7.09,8.44
2026-10-26T22:00:00,24.92,7.03,7.5
2026-10-26T22:10:00,24.87,7.06,7.14
2026-10-26T22:20:00,24.63,7.0,8.71
2026-10-26T22:30:00,24.59,7.1,7.88
2026-10-26T22:40:00,24.38,6.98,6.99
2026-10-26T22:50:00,24.58,7.03,9.55
2026-10-26T23:00:00,24.51,6.96,6.71
2026-10-26T23:10:00,24.39,7.01,7.93
2026-10-26T23:20:00,24.02,6.99,6.49
2026-10-26T23:30:00,23.84,7.03,8.22
2026-10-26T23:40:00,24.07,6.98,7.49
2026-10-26T23:50:00,23.89,7.02,8.66
2026-10-27T00:00:00,23.81,6.95,7.99
2026-10-27T00:10:00,23.58,6.97,9.08
2026-10-27T00:20:00,23.65,6.96,7.66
2026-10-27T00:30:00,23.37,6.98,6.72
2026-10-27T00:40:00,23.55,6.98,8.19
2026-10-27T00:50:00,23.62,6.98,7.8
2026-10-27T01:00:00,23.6,6.96,6.54
2026-10-27T01:10:00,23.4,6.97,7.16
2026-10-27T01:20:00,23.03,6.92,7.41
2026-10-27T01:30:00,23.24,6.95,9.24
2026-10-27T01:40:00,23.48,6.98,8.57
2026-10-27T01:50:00,22.99,6.87,7.72
2026-10-27T02:00:00,23.08,6.93,8.38
2026-10-27T02:10:00,23.26,6.93,6.37
2026-10-27T02:20:00,23.13,6.95,7.55
2026-10-27T02:30:00,23.37,6.93,8.32
2026-10-27T02:40:00,22.87,6.91,8.13
2026-10-27T02:50:00,22.84,6.92,7.57
2026-10-27T03:00:00,23.17,6.88,7.97
2026-10-27T03:10:00,22.81,6.89,8.27
2026-10-27T03:20:00,22.97,6.86,7.99
2026-10-27T03:30:00,23.01,6.94,8.69
2026-10-27T03:40:00,23.21,6.91,8.25
2026-10-27T03:50:00,23.17,6.87,8.41
2026-10-27T04:00:00,23.18,6.9,9.37
2026-10-27T04:10:00,23.09,6.93,8.66
2026-10-27T04:20:00,23.36,6.93,9.39
2026-10-27T04:30:00,23.81,6.87,7.46
2026-10-27T04:40:00,23.36,6.8,6.73
2026-10-27T04:50:00,23.32,6.91,7.89
2026-10-27T05:00:00,23.18,6.87,7.82
2026-10-27T05:10:00,23.32,6.91,9.17
2026-10-27T05:20:00,23.44,6.92,7.1
2026-10-27T05:30:00,23.46,6.93,7.94
2026-10-27T05:40:00,23.6,6.95,8.32
2026-10-27T05:50:00,23.93,6.94,8.08
2026-10-27T06:00:00,23.93,6.95,7.86
2026-10-27T06:10:00,23.77,6.95,8.29
2026-10-27T06:20:00,23.69,6.95,8.86
2026-10-27T06:30:00,24.17,6.91,9.23
2026-10-27T06:40:00,24.07,6.88,8.03
2026-10-27T06:50:00,23.9,6.99,7.35
2026-10-27T07:00:00,24.35,6.92,9.23
2026-10-27T07:10:00,24.49,6.96,7.14
2026-10-27T07:20:00,24.09,6.92,9.43
2026-10-27T07:30:00,24.43,6.97,9.08
2026-10-27T07:40:00,24.63,6.87,9.19
2026-10-27T07:50:00,24.88,6.93,8.55
2026-10-27T08:00:00,24.79,6.95,6.31
2026-10-27T08:10:00,24.86,6.97,7.17
2026-10-27T08:20:00,25.18,7.0,8.25
2026-10-27T08:30:00,25.11,6.94,7.46
2026-10-27T08:40:00,25.35,7.0,7.75
2026-10-27T08:50:00,25.2,7.02,8.49
2026-10-27T09:00:00,25.28,7.06,7.86
2026-10-27T09:10:00,,,
2026-10-27T09:20:00,25.74,6.98,8.71
2026-10-27T09:30:00,25.94,6.97,8.41
2026-10-27T09:40:00,25.83,7.07,7.8
2026-10-27T09:50:00,25.9,7.05,8.57
2026-10-27T10:00:00,26.34,7.03,8.08
2026-10-27T10:10:00,25.98,6.98,9.07
2026-10-27T10:20:00,26.49,7.01,8.12
2026-10-27T10:30:00,26.61,7.06,9.06
2026-10-27T10:40:00,26.64,7.06,6.5
2026-10-27T10:50:00,26.51,6.99,8.37
2026-10-27T11:00:00,26.59,7.08,7.68
2026-10-27T11:10:00,26.77,7.01,7.31
2026-10-27T11:20:00,26.69,7.11,8.93
2026-10-27T11:30:00,26.83,7.08,8.71
2026-10-27T11:40:00,27.16,7.07,6.39
2026-10-27T11:50:00,27.24,7.11,8.57
2026-10-27T12:00:00,27.06,7.1,8.48
2026-10-27T12:10:00,27.4,7.13,7.42
2026-10-27T12:20:00,27.45,7.1,7.33
2026-10-27T12:30:00,27.68,7.11,6.73
2026-10-27T12:40:00,27.61,7.1,7.73
2026-10-27T12:50:00,27.76,7.12,7.86
2026-10-27T13:00:00,27.72,7.16,8.64
2026-10-27T13:10:00,27.85,7.11,8.22
2026-10-27T13:20:00,27.55,7.15,7.15
2026-10-27T13:30:00,27.77,7.11,8.19
2026-10-27T13:40:00,27.83,7.08,7.8
2026-10-27T13:50:00,27.84,7.14,7.25
2026-10-27T14:00:00,27.97,7.15,6.73
2026-10-27T14:10:00,28.02,7.15,8.5
2026-10-27T14:20:00,27.99,7.11,8.36
2026-10-27T14:30:00,27.95,7.17,8.45
2026-10-27T14:40:00,27.87,7.17,7.42
2026-10-27T14:50:00,28.15,7.14,8.14
2026-10-27T15:00:00,28.05,7.13,6.9
2026-10-27T15:10:00,27.85,7.16,7.21
2026-10-27T15:20:00,27.97,7.18,8.03
2026-10-27T15:30:00,27.72,7.18,8.21
2026-10-27T15:40:00,27.97,7.14,6.7
2026-10-27T15:50:00,27.91,7.17,7.15
2026-10-27T16:00:00,27.82,7.2,7.71
2026-10-27T16:10:00,28.11,7.13,8.77
2026-10-27T16:20:00,27.66,7.17,7.35
2026-10-27T16:30:00,27.92,7.21,8.11
2026-10-27T16:40:00,28.1,7.13,8.2
2026-10-27T16:50:00,27.86,7.2,7.8
2026-10-27T17:00:00,27.64,7.21,8.21
2026-10-27T17:10:00,27.45,7.15,6.92
2026-10-27T17:20:00,27.36,7.14,7.48
2026-10-27T17:30:00,27.43,7.18,9.15
2026-10-27T17:40:00,27.33,7.15,9.2
2026-10-27T17:50:00,27.25,7.08,8.67
2026-10-27T18:00:00,27.22,7.14,8.88
2026-10-27T18:10:00,27.17,7.16,6.54
2026-10-27T18:20:00,27.17,7.16,7.24
2026-10-27T18:30:00,26.81,7.11,7.75
2026-10-27T18:40:00,26.8,7.12,9.93
2026-10-27T18:50:00,26.78,7.15,7.75
2026-10-27T19:00:00,26.68,7.11,8.6
2026-10-27T19:10:00,26.89,7.06,8.3
2026-10-27T19:20:00,26.54,7.14,8.28
2026-10-27T19:30:00,26.17,7.1,7.98
2026-10-27T19:40:00,26.36,7.13,7.04
2026-10-27T19:50:00,26.3,7.06,5.84
2026-10-27T20:00:00,26.07,7.09,9.03
2026-10-27T20:10:00,25.79,7.1,7.51
2026-10-27T20:20:00,26.14,7.07,6.51
2026-10-27T20:30:00,25.62,7.03,8.35
2026-10-27T20:40:00,25.78,6.99,8.34
2026-10-27T20:50:00,25.6,7.1,8.61
2026-10-27T21:00:00,25.56,7.06,8.89
2026-10-27T21:10:00,25.6,7.08,7.26
2026-10-27T21:20:00,25.32,7.07,7.3
2026-10-27T21:30:00,25.03,7.05,7.75
2026-10-27T21:40:00,25.16,7.01,8.66
2026-10-27T21:50:00,24.79,7.03,6.32
2026-10-27T22:00:00,24.8,7.05,8.1
2026-10-27T22:10:00,24.48,7.01,8.75
2026-10-27T22:20:00,24.4,7.05,8.71
2026-10-27T22:30:00,24.46,6.95,8.57
2026-10-27T22:40:00,24.4,6.93,8.85
2026-10-27T22:50:00,24.01,7.01,5.8
2026-10-27T23:00:00,24.25,6.95,9.29
2026-10-27T23:10:00,23.97,7.03,8.26
2026-10-27T23:20:00,24.19,7.0,9.07
2026-10-27T23:30:00,23.85,7.0,7.06
2026-10-27T23:40:00,23.64,6.97,6.6
2026-10-27T23:50:00,23.74,6.91,9.43
2026-10-28T00:00:00,23.51,6.89,7.26
2026-10-28T00:10:00,23.75,6.98,7.75
2026-10-28T00:20:00,23.48,6.89,8.42
2026-10-28T00:30:00,23.37,6.98,8.62
2026-10-28T00:40:00,23.4,6.95,8.86
2026-10-28T00:50:00,23.09,6.92,8.18
2026-10-28T01:00:00,22.99,6.94,7.16
2026-10-28T01:10:00,23.18,6.93,8.57
2026-10-28T01:20:00,22.89,6.91,8.58
2026-10-28T01:30:00,22.86,6.95,6.55
2026-10-28T01:40:00,23.11,6.95,9.13
2026-10-28T01:50:00,23.03,6.91,6.01
2026-10-28T02:00:00,22.74,6.88,8.83
2026-10-28T02:10:00,22.82,6.94,7.49
2026-10-28T02:20:00,22.74,6.84,8.56
2026-10-28T02:30:00,23.12,6.9,8.41
2026-10-28T02:40:00,22.96,6.91,7.97
2026-10-28T02:50:00,22.78,6.86,8.36
2026-10-28T03:00:00,22.91,6.91,7.93
2026-10-28T03:10:00,22.61,6.88,8.57
2026-10-28T03:20:00,22.71,6.86,9.75
2026-10-28T03:30:00,22.83,6.9,6.93
2026-10-28T03:40:00,22.91,6.84,5.45
2026-10-28T03:50:00,22.87,6.89,7.67
2026-10-28T04:00:00,22.94,6.81,7.61
2026-10-28T04:10:00,22.94,6.88,7.7
2026-10-28T04:20:00,22.91,6.88,7.26
2026-10-28T04:30:00,22.93,6.87,8.7
2026-10-28T04:40:00,22.95,6.89,6.89
2026-10-28T04:50:00,23.09,6.88,8.36
2026-10-28T05:00:00,23.17,6.92,8.51
2026-10-28T05:10:00,23.2,6.9,8.25
2026-10-28T05:20:00,23.06,6.9,8.39
2026-10-28T05:30:00,23.15,6.9,8.76
2026-10-28T05:40:00,23.41,6.88,8.04
2026-10-28T05:50:00,23.65,6.89,7.72
2026-10-28T06:00:00,,,
2026-10-28T06:10:00,23.53,6.9,8.48
2026-10-28T06:20:00,23.72,6.94,8.71
2026-10-28T06:30:00,23.59,6.91,6.63
2026-10-28T06:40:00,24.03,6.92,7.85
2026-10-28T06:50:00,23.94,6.87,7.15
2026-10-28T07:00:00,23.89,6.95,8.45
2026-10-28T07:10:00,24.07,6.91,8.58
2026-10-28T07:20:00,24.12,6.9,7.78
2026-10-28T07:30:00,24.51,6.98,7.42
2026-10-28T07:40:00,24.39,6.96,8.48
2026-10-28T07:50:00,24.54,6.97,7.89
2026-10-28T08:00:00,24.72,6.97,9.14
2026-10-28T08:10:00,24.64,6.96,9.42
2026-10-28T08:20:00,24.89,6.96,8.8
2026-10-28T08:30:00,25.02,7.0,8.19
2026-10-28T08:40:00,24.86,7.01,9.46
2026-10-28T08:50:00,25.23,6.99,8.19
2026-10-28T09:00:00,25.29,7.06,7.62
2026-10-28T09:10:00,25.43,7.0,7.46
2026-10-28T09:20:00,25.54,6.98,7.44
2026-10-28T09:30:00,25.68,6.98,7.99
2026-10-28T09:40:00,25.96,6.99,8.37
2026-10-28T09:50:00,25.67,7.04,6.87
2026-10-28T10:00:00,25.9,7.05,7.64
2026-10-28T10:10:00,26.16,7.09,8.17
2026-10-28T10:20:00,26.23,7.07,8.51
2026-10-28T10:30:00,26.35,7.11,7.98
2026-10-28T10:40:00,26.79,7.1,8.2
2026-10-28T10:50:00,26.56,7.1,7.01
2026-10-28T11:00:00,26.74,7.09,7.27
2026-10-28T11:10:00,26.6,7.15,7.95
2026-10-28T11:20:00,26.58,7.06,8.41
2026-10-28T11:30:00,26.78,7.12,8.19
2026-10-28T11:40:00,27.01,7.11,7.32
2026-10-28T11:50:00,27.04,7.16,7.81
2026-10-28T12:00:00,27.13,7.14,9.21
2026-10-28T12:10:00,27.12,7.12,9.39
2026-10-28T12:20:00,27.18,7.1,9.69
2026-10-28T12:30:00,27.27,7.14,9.78
2026-10-28T12:40:00,27.47,7.08,10.74
2026-10-28T12:50:00,27.54,7.13,11.95
2026-10-28T13:00:00,27.31,7.07,12.74
2026-10-28T13:10:00,27.61,7.05,13.49
2026-10-28T13:20:00,27.44,7.03,13.81
2026-10-28T13:30:00,27.65,7.04,13.62
2026-10-28T13:40:00,27.57,7.0,13.87
2026-10-28T13:50:00,27.87,7.01,16.25
2026-10-28T14:00:00,27.61,7.0,14.45
2026-10-28T14:10:00,27.74,7.0,14.12
2026-10-28T14:20:00,27.82,6.99,14.07
2026-10-28T14:30:00,27.62,6.99,15.29
2026-10-28T14:40:00,27.75,6.98,16.49
2026-10-28T14:50:00,27.73,7.02,15.42
2026-10-28T15:00:00,27.7,6.98,17.18
2026-10-28T15:10:00,27.72,7.04,16.1
2026-10-28T15:20:00,27.94,6.96,17.07
2026-10-28T15:30:00,27.67,6.98,15.64
2026-10-28T15:40:00,27.83,6.93,15.7
2026-10-28T15:50:00,27.76,6.98,16.4
2026-10-28T16:00:00,27.46,6.92,16.74
2026-10-28T16:10:00,27.72,6.95,16.22
2026-10-28T16:20:00,27.38,6.92,16.6
2026-10-28T16:30:00,27.65,6.94,16.82
2026-10-28T16:40:00,27.45,6.92,15.2
2026-10-28T16:50:00,27.47,6.9,16.03
2026-10-28T17:00:00,27.22,6.91,15.86
2026-10-28T17:10:00,27.37,6.96,15.85
2026-10-28T17:20:00,27.43,6.92,16.51
2026-10-28T17:30:00,27.09,6.87,15.73
2026-10-28T17:40:00,27.06,6.94,14.47
2026-10-28T17:50:00,27.14,6.87,15.82
2026-10-28T18:00:00,27.08,6.92,15.1
2026-10-28T18:10:00,26.56,6.9,16.28
2026-10-28T18:20:00,27.14,6.89,16.45
2026-10-28T18:30:00,26.82,6.92,14.0
2026-10-28T18:40:00,26.76,6.84,15.04
2026-10-28T18:50:00,26.55,6.87,15.87
2026-10-28T19:00:00,26.21,6.89,14.38
2026-10-28T19:10:00,26.51,6.82,16.05
2026-10-28T19:20:00,26.24,6.81,16.18
2026-10-28T19:30:00,26.31,6.82,15.13
2026-10-28T19:40:00,26.09,6.83,14.55
2026-10-28T19:50:00,26.06,6.77,13.24
2026-10-28T20:00:00,25.79,6.82,15.65
2026-10-28T20:10:00,25.94,6.76,16.52
2026-10-28T20:20:00,25.53,6.83,16.27
2026-10-28T20:30:00,25.94,6.8,14.59
2026-10-28T20:40:00,25.84,6.83,13.79
2026-10-28T20:50:00,25.66,6.79,15.25
2026-10-28T21:00:00,25.5,6.76,14.39
2026-10-28T21:10:00,25.18,6.73,14.79
2026-10-28T21:20:00,25.28,6.76,14.56
2026-10-28T21:30:00,24.99,6.74,14.31
2026-10-28T21:40:00,24.66,6.77,14.98
2026-10-28T21:50:00,25.01,6.7,14.92
2026-10-28T22:00:00,24.85,7.13,7.58
2026-10-28T22:10:00,24.57,7.1,7.26
2026-10-28T22:20:00,24.28,7.05,6.0
2026-10-28T22:30:00,24.26,7.11,7.72
2026-10-28T22:40:00,23.96,7.02,7.13
2026-10-28T22:50:00,24.27,7.05,8.34
2026-10-28T23:00:00,23.79,7.0,7.73
2026-10-28T23:10:00,23.98,7.08,7.82
2026-10-28T23:20:00,23.72,6.97,8.65
2026-10-28T23:30:00,23.55,6.97,8.32
2026-10-28T23:40:00,23.7,6.99,7.91
2026-10-28T23:50:00,23.53,7.05,9.35
2026-10-29T00:00:00,23.63,7.03,8.59
2026-10-29T00:10:00,23.24,7.0,7.67
2026-10-29T00:20:00,23.24,7.02,7.7
2026-10-29T00:30:00,22.93,6.98,8.63
2026-10-29T00:40:00,22.92,7.0,8.16
2026-10-29T00:50:00,23.46,7.02,7.1
2026-10-29T01:00:00,23.43,6.96,8.72
2026-10-29T01:10:00,23.08,6.94,9.01
2026-10-29T01:20:00,22.9,6.97,8.95
2026-10-29T01:30:00,22.93,6.98,9.23
2026-10-29T01:40:00,23.07,6.95,9.66
2026-10-29T01:50:00,22.81,6.98,9.38
2026-10-29T02:00:00,22.88,6.94,8.27
2026-10-29T02:10:00,22.82,6.94,7.83
2026-10-29T02:20:00,22.71,6.95,6.54
2026-10-29T02:30:00,22.69,6.94,8.01
2026-10-29T02:40:00,22.8,6.98,8.42
2026-10-29T02:50:00,22.61,6.94,8.03
2026-10-29T03:00:00,22.83,6.92,6.49
2026-10-29T03:10:00,22.69,6.94,7.77
2026-10-29T03:20:00,22.79,6.95,8.52
2026-10-29T03:30:00,22.99,6.94,7.18
2026-10-29T03:40:00,22.78,6.94,8.13
2026-10-29T03:50:00,22.96,6.87,8.35
2026-10-29T04:00:00,22.59,6.84,8.89
2026-10-29T04:10:00,22.83,6.95,9.37
2026-10-29T04:20:00,22.94,6.92,7.7
2026-10-29T04:30:00,23.27,6.91,8.15
2026-10-29T04:40:00,22.73,6.93,8.17
2026-10-29T04:50:00,23.07,6.97,8.52
2026-10-29T05:00:00,23.35,6.96,8.43
2026-10-29T05:10:00,23.06,6.95,9.14
2026-10-29T05:20:00,23.21,6.89,6.13
2026-10-29T05:30:00,23.36,6.9,8.33
2026-10-29T05:40:00,23.4,6.86,8.39
2026-10-29T05:50:00,23.68,6.96,7.81
2026-10-29T06:00:00,23.58,6.98,6.19
2026-10-29T06:10:00,23.77,6.99,7.95
2026-10-29T06:20:00,,,
2026-10-29T06:30:00,23.62,6.95,9.34
2026-10-29T06:40:00,23.79,6.94,8.3
2026-10-29T06:50:00,23.75,6.94,7.36
2026-10-29T07:00:00,24.08,6.97,6.36
2026-10-29T07:10:00,24.04,6.94,8.47
2026-10-29T07:20:00,24.07,7.03,8.56
2026-10-29T07:30:00,24.34,6.94,7.83
2026-10-29T07:40:00,24.19,6.99,8.48
2026-10-29T07:50:00,24.57,6.94,7.72
2026-10-29T08:00:00,24.5,7.0,8.85
2026-10-29T08:10:00,24.86,7.0,8.79
2026-10-29T08:20:00,24.74,7.0,6.69
2026-10-29T08:30:00,25.0,6.99,6.88
2026-10-29T08:40:00,25.05,7.02,9.63
2026-10-29T08:50:00,25.24,7.02,8.75
2026-10-29T09:00:00,25.24,7.04,6.99
2026-10-29T09:10:00,25.07,7.11,6.74
2026-10-29T09:20:00,25.58,7.07,8.17
2026-10-29T09:30:00,25.53,7.08,7.09
2026-10-29T09:40:00,25.79,7.06,7.75
2026-10-29T09:50:00,25.88,7.05,7.96
2026-10-29T10:00:00,25.76,7.07,7.93
2026-10-29T10:10:00,25.83,7.15,8.9
2026-10-29T10:20:00,26.18,7.08,9.47
2026-10-29T10:30:00,26.12,7.1,7.62
2026-10-29T10:40:00,26.41,7.07,7.1
2026-10-29T10:50:00,26.35,7.02,8.31
2026-10-29T11:00:00,26.63,7.09,9.31
2026-10-29T11:10:00,26.63,7.19,7.68
2026-10-29T11:20:00,26.7,7.14,8.68
2026-10-29T11:30:00,26.7,7.18,7.33
2026-10-29T11:40:00,26.86,7.13,8.02
2026-10-29T11:50:00,27.11,7.07,7.07
2026-10-29T12:00:00,27.0,7.12,8.01
2026-10-29T12:10:00,27.17,7.17,7.91
2026-10-29T12:20:00,27.14,7.17,8.49
2026-10-29T12:30:00,27.23,7.16,9.42
2026-10-29T12:40:00,27.55,7.15,7.69
2026-10-29T12:50:00,27.54,7.2,6.4
2026-10-29T13:00:00,27.43,7.16,7.84
2026-10-29T13:10:00,27.51,7.19,8.24
2026-10-29T13:20:00,27.41,7.19,8.16
2026-10-29T13:30:00,27.54,7.17,7.87
2026-10-29T13:40:00,27.65,7.16,9.19
2026-10-29T13:50:00,27.76,7.17,8.11
2026-10-29T14:00:00,27.78,7.25,7.92
2026-10-29T14:10:00,27.54,7.23,7.38
2026-10-29T14:20:00,27.87,7.23,6.6
2026-10-29T14:30:00,27.72,7.18,8.26
2026-10-29T14:40:00,27.59,7.16,8.2
2026-10-29T14:50:00,27.95,7.24,7.15
2026-10-29T15:00:00,27.96,7.23,7.96
2026-10-29T15:10:00,27.78,7.21,7.88
2026-10-29T15:20:00,27.85,7.2,7.5
2026-10-29T15:30:00,27.85,7.16,7.37
2026-10-29T15:40:00,27.93,7.24,8.32
2026-10-29T15:50:00,27.81,7.25,7.82
2026-10-29T16:00:00,27.47,7.2,7.53
2026-10-29T16:10:00,27.93,7.19,7.31
2026-10-29T16:20:00,27.77,7.25,7.9
2026-10-29T16:30:00,27.48,7.2,8.74
2026-10-29T16:40:00,27.36,7.27,8.17
2026-10-29T16:50:00,27.55,7.22,7.81
2026-10-29T17:00:00,27.36,7.21,8.25
2026-10-29T17:10:00,27.39,7.22,9.09
2026-10-29T17:20:00,27.41,7.2,8.39
2026-10-29T17:30:00,27.15,7.25,8.21
2026-10-29T17:40:00,26.99,7.24,8.51
2026-10-29T17:50:00,27.15,7.25,7.87
2026-10-29T18:00:00,26.93,7.22,8.15
2026-10-29T18:10:00,26.99,7.2,7.61
2026-10-29T18:20:00,26.69,7.21,6.76
2026-10-29T18:30:00,26.76,7.2,8.27
2026-10-29T18:40:00,26.83,7.24,8.28
2026-10-29T18:50:00,26.71,7.22,7.77
2026-10-29T19:00:00,26.4,7.19,8.83
2026-10-29T19:10:00,26.27,7.16,7.42
2026-10-29T19:20:00,26.35,7.23,6.58
2026-10-29T19:30:00,26.32,7.18,7.44
2026-10-29T19:40:00,26.19,7.16,6.77
2026-10-29T19:50:00,25.96,7.21,8.27
2026-10-29T20:00:00,25.98,7.14,7.4
2026-10-29T20:10:00,26.05,7.14,8.79
2026-10-29T20:20:00,25.74,7.14,8.77
2026-10-29T20:30:00,25.35,7.1,7.26
2026-10-29T20:40:00,25.52,7.14,7.35
2026-10-29T20:50:00,25.7,7.1,8.43
2026-10-29T21:00:00,25.1,7.1,8.78
2026-10-29T21:10:00,25.2,7.09,6.39
2026-10-29T21:20:00,25.03,7.1,8.23
2026-10-29T21:30:00,24.96,7.09,6.24
2026-10-29T21:40:00,24.87,7.11,7.56
2026-10-29T21:50:00,24.9,7.09,8.87
2026-10-29T22:00:00,24.63,7.09,10.41
2026-10-29T22:10:00,24.71,7.15,7.81
2026-10-29T22:20:00,24.38,7.06,7.0
2026-10-29T22:30:00,24.24,7.08,7.59
2026-10-29T22:40:00,24.09,7.08,8.05
2026-10-29T22:50:00,23.82,7.05,7.46
2026-10-29T23:00:00,24.05,7.05,7.26
2026-10-29T23:10:00,24.23,7.04,7.66
2026-10-29T23:20:00,23.9,7.04,8.32
2026-10-29T23:30:00,23.84,7.01,7.86
2026-10-29T23:40:00,23.58,7.01,7.29
2026-10-29T23:50:00,23.52,7.02,7.46
2026-10-30T00:00:00,23.63,6.95,7.67
2026-10-30T00:10:00,23.71,7.05,7.2
2026-10-30T00:20:00,23.54,7.06,7.43
2026-10-30T00:30:00,23.36,6.99,8.51
2026-10-30T00:40:00,23.19,7.0,7.82
2026-10-30T00:50:00,23.16,7.01,6.6
2026-10-30T01:00:00,22.94,6.93,8.82
2026-10-30T01:10:00,22.81,6.99,8.33
2026-10-30T01:20:00,22.81,6.95,6.89
2026-10-30T01:30:00,22.94,7.03,7.71
2026-10-30T01:40:00,22.86,6.94,7.37
2026-10-30T01:50:00,22.64,6.97,8.54
2026-10-30T02:00:00,22.82,6.94,7.7
2026-10-30T02:10:00,22.77,7.01,7.94
2026-10-30T02:20:00,22.63,6.92,7.85
2026-10-30T02:30:00,22.75,6.97,6.82
2026-10-30T02:40:00,22.75,6.95,9.12
2026-10-30T02:50:00,22.69,6.94,8.53
2026-10-30T03:00:00,22.93,6.93,7.4
2026-10-30T03:10:00,22.5,6.9,8.15
2026-10-30T03:20:00,22.49,6.84,8.78
2026-10-30T03:30:00,22.79,6.95,8.04
2026-10-30T03:40:00,22.8,6.9,9.25
2026-10-30T03:50:00,22.87,6.95,10.33
2026-10-30T04:00:00,22.75,6.92,7.9
2026-10-30T04:10:00,22.7,6.95,7.53
2026-10-30T04:20:00,22.88,6.94,7.21
2026-10-30T04:30:00,22.87,6.84,6.23
2026-10-30T04:40:00,23.23,6.93,9.0
2026-10-30T04:50:00,22.99,6.91,7.72
2026-10-30T05:00:00,23.09,6.95,8.7
2026-10-30T05:10:00,23.53,6.94,8.86
2026-10-30T05:20:00,23.2,6.94,7.14
2026-10-30T05:30:00,,,
2026-10-30T05:40:00,23.46,6.91,9.4
2026-10-30T05:50:00,23.55,6.93,7.94
2026-10-30T06:00:00,23.56,6.89,7.47
2026-10-30T06:10:00,23.62,6.93,7.16
2026-10-30T06:20:00,23.69,6.91,7.89
2026-10-30T06:30:00,23.69,6.92,9.21
2026-10-30T06:40:00,23.92,6.97,8.55
2026-10-30T06:50:00,24.27,6.99,8.15
2026-10-30T07:00:00,24.26,6.97,9.27
2026-10-30T07:10:00,24.22,6.96,9.12
2026-10-30T07:20:00,24.41,6.95,8.27
2026-10-30T07:30:00,24.26,6.97,10.22
2026-10-30T07:40:00,24.49,6.96,7.8
2026-10-30T07:50:00,24.76,6.98,8.88
2026-10-30T08:00:00,24.94,6.95,7.69
2026-10-30T08:10:00,24.71,7.02,8.72
2026-10-30T08:20:00,24.86,6.99,7.8
2026-10-30T08:30:00,25.39,7.03,8.37
2026-10-30T08:40:00,25.18,7.05,9.91
2026-10-30T08:50:00,25.56,7.03,8.76
2026-10-30T09:00:00,25.43,7.05,8.38
2026-10-30T09:10:00,25.56,6.98,7.38
2026-10-30T09:20:00,25.57,7.04,8.15
2026-10-30T09:30:00,25.88,7.09,7.19
2026-10-30T09:40:00,26.06,7.08,8.71
2026-10-30T09:50:00,25.82,7.12,8.69
2026-10-30T10:00:00,26.03,7.12,7.86
2026-10-30T10:10:00,26.33,7.09,9.33
2026-10-30T10:20:00,26.27,7.08,9.22
2026-10-30T10:30:00,26.33,7.07,8.12
2026-10-30T10:40:00,26.65,7.09,8.45
2026-10-30T10:50:00,26.75,7.1,7.53
2026-10-30T11:00:00,26.61,7.1,7.78
2026-10-30T11:10:00,26.79,7.1,7.14
2026-10-30T11:20:00,26.67,7.15,7.62
2026-10-30T11:30:00,26.81,7.19,7.92
2026-10-30T11:40:00,27.05,7.17,6.67
2026-10-30T11:50:00,27.12,7.13,8.46
2026-10-30T12:00:00,27.04,7.18,8.82
2026-10-30T12:10:00,27.17,7.18,7.99
2026-10-30T12:20:00,27.19,7.17,5.84
2026-10-30T12:30:00,27.48,7.17,7.8
2026-10-30T12:40:00,27.18,7.17,6.89
2026-10-30T12:50:00,27.37,7.2,7.51
2026-10-30T13:00:00,27.29,7.19,9.16
2026-10-30T13:10:00,27.7,7.17,6.05
2026-10-30T13:20:00,27.39,7.17,7.35
2026-10-30T13:30:00,27.72,7.21,8.66
2026-10-30T13:40:00,28.02,7.22,7.44
2026-10-30T13:50:00,28.06,7.2,7.38
2026-10-30T14:00:00,27.57,7.17,9.63
2026-10-30T14:10:00,27.92,7.25,8.3
2026-10-30T14:20:00,,,
2026-10-30T14:30:00,27.74,7.15,8.4
2026-10-30T14:40:00,27.91,7.26,8.13
2026-10-30T14:50:00,28.11,7.22,9.01
2026-10-30T15:00:00,28.01,7.23,9.52
2026-10-30T15:10:00,27.81,7.26,6.65
2026-10-30T15:20:00,28.03,7.28,7.97
2026-10-30T15:30:00,,,
2026-10-30T15:40:00,27.77,7.23,7.66
2026-10-30T15:50:00,27.73,7.18,8.78
2026-10-30T16:00:00,27.84,7.17,8.21
2026-10-30T16:10:00,27.79,7.25,9.54
2026-10-30T16:20:00,27.76,7.27,8.88
2026-10-30T16:30:00,27.72,7.19,9.09
2026-10-30T16:40:00,27.71,7.21,7.04
2026-10-30T16:50:00,27.74,7.2,7.36
2026-10-30T17:00:00,27.62,7.2,7.42
2026-10-30T17:10:00,27.49,7.24,9.06
2026-10-30T17:20:00,27.55,7.22,7.23
2026-10-30T17:30:00,27.52,7.19,7.25
2026-10-30T17:40:00,27.25,7.27,7.1
2026-10-30T17:50:00,27.25,7.15,10.2
2026-10-30T18:00:00,27.35,7.2,7.89
2026-10-30T18:10:00,26.95,7.15,8.42
2026-10-30T18:20:00,27.3,7.17,7.09
2026-10-30T18:30:00,26.74,7.17,8.77
2026-10-30T18:40:00,26.8,7.19,6.58
2026-10-30T18:50:00,26.62,7.15,7.22
2026-10-30T19:00:00,26.99,7.14,7.41
2026-10-30T19:10:00,26.48,7.14,8.18
2026-10-30T19:20:00,26.37,7.11,7.37
2026-10-30T19:30:00,26.3,7.15,9.22
2026-10-30T19:40:00,26.27,7.13,8.4
2026-10-30T19:50:00,26.11,7.13,7.45
2026-10-30T20:00:00,26.03,7.11,8.8
2026-10-30T20:10:00,25.41,7.1,7.69
2026-10-30T20:20:00,25.86,7.14,7.53
2026-10-30T20:30:00,25.74,7.12,8.72
2026-10-30T20:40:00,25.78,7.13,6.04
2026-10-30T20:50:00,25.72,7.09,8.59
2026-10-30T21:00:00,25.38,7.11,7.43
2026-10-30T21:10:00,25.42,7.05,7.43
2026-10-30T21:20:00,25.02,7.05,9.57
2026-10-30T21:30:00,25.19,7.08,7.58
2026-10-30T21:40:00,24.89,7.06,8.76
2026-10-30T21:50:00,24.71,7.02,8.22
2026-10-30T22:00:00,24.76,6.99,8.31
2026-10-30T22:10:00,24.87,7.01,7.8
2026-10-30T22:20:00,24.58,6.99,7.76
2026-10-30T22:30:00,24.68,7.05,9.22
2026-10-30T22:40:00,24.24,7.02,8.74
2026-10-30T22:50:00,24.42,6.96,7.6
2026-10-30T23:00:00,24.07,6.95,7.16
2026-10-30T23:10:00,24.1,6.95,7.53
2026-10-30T23:20:00,24.02,6.95,8.79
2026-10-30T23:30:00,23.99,6.95,8.94
2026-10-30T23:40:00,23.84,6.99,8.44
2026-10-30T23:50:00,23.64,6.92,6.71
